Date,Open,High,Low,Close,Volume,
04/13/2026,78.46,80.56,78.19,80.19,686.08K,
04/10/2026,79.75,79.97,78.56,78.98,383.07K,
04/09/2026,78.15,79.95,77.65,79.75,577.36K,
04/08/2026,77.48,79.59,77.19,78.65,655.81K,
04/07/2026,75.1,75.99,74.11,74.33,965.62K,
04/06/2026,72.92,75.2,72.92,75.17,534.67K,
04/02/2026,72.21,74.21,70.24,73.02,771.33K,
04/01/2026,75.97,76.1,73.42,73.57,663.91K,
03/31/2026,74.37,75.21,72.06,74.89,816.65K,
03/30/2026,72.01,73.67,72.01,73.03,466.54K,
03/27/2026,74.86,75.08,72.03,72.13,635.68K,
03/26/2026,74.36,76.46,74.36,75.89,521.06K,
03/25/2026,74.91,75.65,74.18,75.11,511.54K,
03/24/2026,74.01,75.47,73.48,74.49,640.76K,
03/23/2026,76.48,78,74.48,74.73,726.97K,
03/20/2026,73.5,75,72.25,74.62,1.24M,
03/19/2026,70.32,73.83,70.32,73.54,586.63K,
03/18/2026,71.54,72.68,70.79,71.27,886.70K,
03/17/2026,71.72,73.31,70.93,71.94,533.84K,
03/16/2026,72.05,72.67,69.83,69.92,593.01K,
03/13/2026,72.2,73.02,70.86,71.53,581.85K,
03/12/2026,71.95,72.96,71.3,71.66,525.73K,
03/11/2026,72.73,74.14,72.02,74.09,600.63K,
03/10/2026,72.6,74,71.67,72.59,670.10K,
03/09/2026,70.47,72.91,69.44,72.46,614.50K,
03/06/2026,72.56,73.19,70.98,72.21,719.20K,
03/05/2026,74.19,75.54,74.19,75.22,533.38K,
03/04/2026,73.15,75.39,72.83,75.1,543.36K,
03/03/2026,69.94,73.55,69.14,72.73,451.56K,
03/02/2026,69.3,72.39,68.53,71.99,652.96K,
02/27/2026,76.5,76.51,70.37,70.86,1.08M,
02/26/2026,75.48,79.51,75,79.27,1.38M,
02/25/2026,72.47,73.33,71.28,73.19,492.04K,
02/24/2026,70.81,72.57,70.53,71.56,742.14K,
02/23/2026,75.11,75.33,70.38,70.84,658.42K,
02/20/2026,74.82,75.73,73.08,75.73,512.23K,
02/19/2026,73.79,75.06,73.07,75.01,768.98K,
02/18/2026,73,74.86,72.62,74.43,1.39M,
02/17/2026,72.75,74.04,72.05,73.16,748.14K,
02/13/2026,74.25,74.25,71.28,72.37,618.33K,
02/12/2026,76.83,78.03,71.71,72.27,890.82K,
02/11/2026,77.52,77.59,74.63,76.03,660.03K,
02/10/2026,77.66,78.71,75.9,77.11,839.11K,
02/09/2026,79.49,79.56,77.79,77.9,575.90K,
02/06/2026,78.79,79.93,77.94,79.53,765.01K,
02/05/2026,76.76,77.19,73.85,77.19,1.63M,
02/04/2026,75.84,77.59,75.76,76.5,920.02K,
02/03/2026,74.46,77.79,73.81,75.4,1.24M,
02/02/2026,72.98,73.81,71.8,73.05,902.08K,
01/30/2026,72.34,74.27,72.1,72.54,1.20M,
01/29/2026,70.61,73.64,70.5,73.03,1.70M,
01/28/2026,69.62,70.4,68.17,68.2,828.14K,
01/27/2026,69.95,70.01,68.07,69.45,786.41K,
01/26/2026,69.52,70.8,68.78,70.18,718.84K,
01/23/2026,70.24,70.74,68.57,68.78,643.79K,
01/22/2026,71.01,72.65,70.58,71.01,785.79K,
01/21/2026,70.26,71.38,69.91,70.49,493.72K,
01/20/2026,72.3,73.76,69.7,69.94,880.10K,
01/16/2026,71.89,74.17,71.89,73.73,1.52M,
01/15/2026,69.49,70.77,69.01,70.65,1.28M,
01/14/2026,69.56,69.86,67.78,69,1.60M,
01/13/2026,71.93,72.92,69.61,69.79,1.65M,
01/12/2026,72.08,73.8,70.06,71.78,2.40M,
01/09/2026,81.29,82.03,80,80.36,685.16K,
01/08/2026,80.5,81.49,80.06,81.25,695.42K,
01/07/2026,80.08,80.43,78.26,79.98,630.97K,
01/06/2026,76.6,80.4,76.52,80.26,1.14M,
01/05/2026,75.08,77.75,74.84,76.3,639.87K,
01/02/2026,74.2,75.8,73.78,75.3,677.86K,
12/31/2025,74.63,74.63,73.89,74.03,501.00K,
12/30/2025,75.32,75.32,74.34,74.61,379.36K,
12/29/2025,76.43,76.65,74.38,75.18,567.89K,
12/26/2025,76.39,76.98,76.01,76.64,307.10K,
12/24/2025,76.69,77.5,76.3,76.68,207.14K,
12/23/2025,77.82,78.05,76.47,76.61,536.25K,
12/22/2025,78.27,78.98,77.47,77.75,510.42K,
12/19/2025,76.93,78.04,76.86,78,1.46M,
12/18/2025,77.62,78.27,77.06,77.64,918.49K,
12/17/2025,76.21,76.64,75.4,76.34,956.26K,
12/16/2025,74.76,76.66,73.82,75.81,1.00M,
12/15/2025,74.51,75.07,74.19,74.35,682.52K,
12/12/2025,74.76,74.92,73.43,74.59,759.31K,
12/11/2025,74,75.83,73.64,74.36,1.00M,
12/10/2025,73.4,74.44,71.67,73.83,1.43M,
12/09/2025,72.12,73.73,71.85,73.46,607.01K,
12/08/2025,72.4,72.74,71.48,72.42,705.61K,
12/05/2025,71.74,72.71,71.05,72.21,559.67K,
12/04/2025,69.69,72.09,69.68,72,747.28K,
12/03/2025,69.55,71.66,69.31,71.24,711.73K,
12/02/2025,68.7,69.67,67.95,69.38,651.83K,
12/01/2025,67.22,68.85,66.73,68.07,654.22K,
11/28/2025,67.41,68.21,67.41,67.73,242.02K,
11/26/2025,66.77,68.71,66.72,67.46,1.09M,
11/25/2025,65.24,67.58,64.31,66.77,725.28K,
11/24/2025,64.47,65.46,63.78,65.08,853.57K,
11/21/2025,62.11,65.83,61.91,64.7,934.82K,
11/20/2025,62.97,64.59,61.53,61.67,849.14K,
11/19/2025,60.97,62.38,60.51,62.35,761.30K,
11/18/2025,59.42,61,59.26,60.54,886.63K,
11/17/2025,61.57,62.14,59.42,59.98,820.80K,
11/14/2025,61.88,62.57,60.76,61.93,719.83K,
11/13/2025,63.45,63.93,61.59,61.84,726.67K,
11/12/2025,63.26,64.74,63.24,63.96,549.87K,
11/11/2025,63.53,64.18,63.33,63.46,421.12K,
11/10/2025,64.2,64.63,63.6,63.76,652.21K,
11/07/2025,63.3,63.61,62.19,63.58,829.09K,
11/06/2025,64.02,64.59,63.27,63.86,667.62K,
11/05/2025,62.66,64.54,61.75,63.95,660.14K,
11/04/2025,62.81,63.67,62.49,62.58,607.92K,
11/03/2025,62.53,64,61.96,63.6,745.85K,
10/31/2025,61.99,63.82,61.58,62.65,905.81K,
10/30/2025,61.82,63.12,61.73,61.91,935.35K,
10/29/2025,64.35,64.8,61.38,62.21,930.97K,
10/28/2025,66.54,66.71,64.62,64.94,885.38K,
10/27/2025,66.28,67.04,65.52,66.26,519.82K,
10/24/2025,66.46,66.83,64.71,65.5,846.68K,
10/23/2025,62.29,66.15,59.92,65.46,2.36M,
10/22/2025,60.99,61.59,59.83,60.54,741.89K,
10/21/2025,59.9,61.1,59.89,60.93,455.49K,
10/20/2025,59.18,60.46,59.16,59.93,601.29K,
10/17/2025,58.29,59.53,58.17,59.03,832.01K,
10/16/2025,59.79,59.79,57.11,57.61,836.47K,
10/15/2025,59.72,60.24,59.22,59.75,805.39K,
10/14/2025,55.8,59.28,55.8,59.24,1.11M,
10/13/2025,54.89,56.51,54.89,56.42,684.85K,
10/10/2025,56.06,56.27,53.83,54.08,839.15K,
10/09/2025,55.48,55.97,54.75,55.81,426.01K,
10/08/2025,55.91,55.91,54.88,55.02,319.20K,
10/07/2025,55.01,55.75,54.94,55.42,600.97K,
10/06/2025,55.76,56.54,54.24,54.77,699.42K,
10/03/2025,55.05,56.49,55.05,55.71,746.27K,
10/02/2025,54.91,55.35,54.31,55.14,726.55K,
10/01/2025,54.98,55.91,54.53,54.89,880.55K,
09/30/2025,58.07,58.4,55.28,55.77,835.86K,
09/29/2025,59.72,59.98,57.01,58.07,1.29M,
09/26/2025,60.16,60.49,58.9,59.59,518.21K,
09/25/2025,60.12,60.49,59.49,60.06,595.52K,
09/24/2025,61.1,61.81,60.5,60.71,520.65K,
09/23/2025,63.01,63.88,61,61.05,704.64K,
09/22/2025,63.07,63.29,62.12,62.63,744.02K,
09/19/2025,64,64.12,63.05,63.46,1.30M,
09/18/2025,62.22,64.32,61.97,64.06,581.95K,
09/17/2025,63.19,64.47,61.4,61.82,872.46K,
09/16/2025,63.84,63.94,62.43,62.99,605.74K,
09/15/2025,63.25,64.65,62.9,63.88,503.57K,
09/12/2025,63.48,63.56,62.57,63.18,616.18K,
09/11/2025,64.28,64.65,63.47,63.93,667.58K,
09/10/2025,63.83,64.81,63.39,64.07,444.30K,
09/09/2025,65.34,65.64,63.01,64.22,631.46K,
09/08/2025,66.34,66.41,65.09,65.57,457.52K,
09/05/2025,66.99,68.01,65.67,66.23,348.70K,
09/04/2025,66.24,67.17,65.84,66.98,339.21K,
09/03/2025,65.15,65.96,64.94,65.87,363.32K,
09/02/2025,64.86,65.66,63.78,65.49,424.87K,
08/29/2025,66.93,67.33,65.31,66.19,588.02K,
08/28/2025,65.87,67.19,65.5,66.69,1.01M,
08/27/2025,65.7,65.77,64.37,65.36,650.74K,
08/26/2025,62.49,64.08,62.11,63.86,537.67K,
08/25/2025,62.36,63.06,62.3,62.85,343.17K,
08/22/2025,59.92,62.94,59.46,62.36,501.03K,
08/21/2025,59.04,59.81,58.28,59.57,253.17K,
08/20/2025,59.48,59.87,58.62,59.64,371.53K,
08/19/2025,60.38,61.11,59.64,59.87,460.52K,
08/18/2025,59.35,60.47,59.12,60.31,809.01K,
08/15/2025,61.29,61.31,59.23,59.7,554.76K,
08/14/2025,60.24,61.47,60.03,61.45,386.13K,
08/13/2025,60.91,61.14,60.13,61.07,395.92K,
08/12/2025,58.94,60.76,58.94,60.45,487.14K,
08/11/2025,58.34,58.7,57.85,58.36,291.46K,
08/08/2025,58.17,58.52,57.31,58.22,461.99K,
08/07/2025,59.41,59.41,57.57,57.83,448.46K,
08/06/2025,59.01,59.28,58.44,58.69,480.61K,
08/05/2025,59.38,59.8,58.43,58.96,446.29K,
08/04/2025,58.17,59.43,57.46,59.42,725.46K,
08/01/2025,59.93,59.99,57.41,57.56,1.32M,
07/31/2025,61.62,61.92,61.03,61.3,524.33K,
07/30/2025,62.78,63.08,61.19,61.78,842.76K,
07/29/2025,64.45,65.27,62.26,62.78,798.05K,
07/28/2025,63.46,64.55,62.81,64.02,936.09K,
07/25/2025,61.59,64.09,60.9,63.27,1.09M,
07/24/2025,62.92,64.65,60.96,61,934.89K,
07/23/2025,63.5,64.24,62.77,64.2,765.73K,
07/22/2025,60.66,63.09,60.66,62.87,995.57K,
07/21/2025,61.42,62.26,60.75,61.08,505.16K,
07/18/2025,62.37,62.59,60.71,61.16,480.13K,
07/17/2025,60.91,62.54,60.91,62.3,640.96K,
07/16/2025,60.57,61.33,59.51,61.12,712.95K,
07/15/2025,61.3,61.57,59.86,60.08,522.81K,
07/14/2025,62.43,62.46,61.29,61.99,474.01K,
07/11/2025,61.95,61.95,60.99,61.24,537.52K,
07/10/2025,61.08,62.83,60.85,62.56,1.04M,
07/09/2025,59.91,61.44,59.61,61.27,827.24K,
07/08/2025,60.22,60.54,59.15,59.29,570.27K,
07/07/2025,59.86,60.63,59.03,59.59,508.70K,
07/03/2025,60,60.92,59.99,60.4,353.48K,
07/02/2025,58.5,59.92,58.35,59.88,566.13K,
07/01/2025,57.29,58.88,57.16,58.54,626.04K,
06/30/2025,57.08,57.81,56.86,57.12,678.39K,
06/27/2025,56.69,57.02,55.84,56.86,1.21M,
06/26/2025,55.96,56.85,55.8,56.56,698.44K,
06/25/2025,55.66,56.22,55.62,55.94,601.65K,
06/24/2025,55.38,56.37,55.2,55.83,773.89K,
06/23/2025,53.62,54.91,53.26,54.74,881.18K,
06/20/2025,53.26,54.29,52.83,54.07,1.56M,
06/18/2025,51.37,53.34,51.37,52.76,810.30K,
06/17/2025,52.06,52.51,51.31,51.71,471.27K,
06/16/2025,51.38,53.11,50.88,52.55,476.71K,
06/13/2025,52.52,52.6,50.63,50.72,623.80K,
06/12/2025,53.63,54.12,52.86,53.58,664.06K,
06/11/2025,52.56,55.8,52.28,54.48,1.43M,
06/10/2025,51.61,52.77,50.9,52.27,667.60K,
06/09/2025,52.01,52.17,50.96,51.21,611.56K,
06/06/2025,50.83,51.62,50.32,51.56,517.36K,
06/05/2025,49.52,50.03,49.17,49.42,785.97K,
06/04/2025,51.95,52.04,49.96,49.98,969.28K,
06/03/2025,51.15,52.25,50.77,52.06,447.88K,
06/02/2025,50.94,51.37,50.13,51.18,704.76K,
05/30/2025,51.5,51.9,50.7,51.24,719.74K,
05/29/2025,52.12,52.24,51.17,51.91,379.04K,
05/28/2025,52.34,52.45,51.42,51.61,394.81K,
05/27/2025,51.41,52.37,50.66,52.28,461.54K,
05/23/2025,49.81,50.83,49.81,50.58,665.85K,
05/22/2025,51.32,52.03,50.3,51.29,798.94K,
05/21/2025,52.24,52.73,51.21,51.29,647.02K,
05/20/2025,53.03,53.34,52.57,52.99,501.57K,
05/19/2025,53.04,53.83,52.57,53.3,629.72K,
05/16/2025,54.31,54.31,53.58,53.95,673.12K,
05/15/2025,54.81,55.01,53.73,54.33,1.08M,
05/14/2025,54.86,55.76,54.37,55.29,945.37K,
05/13/2025,54.32,55.76,54.11,55.13,817.40K,
05/12/2025,53.75,55.88,52.9,54,1.20M,
05/09/2025,50.76,50.76,49.63,50.47,609.43K,
05/08/2025,49.54,51.44,49.31,50.47,710.88K,
05/07/2025,49.23,49.6,48.15,48.65,551.43K,
05/06/2025,48.14,49.03,47.87,48.58,482.50K,
05/05/2025,48.37,49.77,47.89,48.9,576.45K,
05/02/2025,48.65,49.62,48.24,48.92,1.14M,
05/01/2025,47.92,48.37,46.92,47.79,659.21K,
04/30/2025,47.07,47.58,46.04,47.45,988.22K,
04/29/2025,48.04,48.76,47.1,48.44,701.92K,
04/28/2025,49.17,49.25,47.33,48.15,1.10M,
04/25/2025,48.25,49.04,47.31,48.89,1.16M,
04/24/2025,49.94,51.71,48.01,48.91,1.89M,
04/23/2025,48.4,49.35,47.36,47.87,1.57M,
04/22/2025,46.46,47.04,45.48,46.89,1.06M,
04/21/2025,46.39,46.74,44.88,45.6,762.54K,
04/17/2025,45.82,47.29,45.82,46.87,797.88K,
04/16/2025,45.34,46.77,44.57,45.87,1.29M,
04/15/2025,45.25,46.11,45.07,45.63,1.19M,
04/14/2025,45.26,45.94,43.78,44.97,1.38M,
04/11/2025,44.03,44.63,42.14,44.03,1.39M,
04/10/2025,46.51,46.62,43.46,44.39,1.25M,
04/09/2025,41.89,49.73,41.22,48.28,2.19M,
04/08/2025,44.86,46.16,42.1,42.85,1.87M,
04/07/2025,38.21,44.47,38.21,43.92,3.42M,
04/04/2025,42.92,42.95,39.9,41.88,2.14M,
04/03/2025,48.96,48.96,44.55,44.81,2.15M,
04/02/2025,49.39,52.11,48.8,51.58,482.33K,
04/01/2025,49.21,50.32,49.21,50.17,620.69K,
03/31/2025,48.63,50.39,47.99,50.08,755.94K,
03/28/2025,51.04,51.28,49.47,50,727.83K,
03/27/2025,51.06,51.72,50.4,51.26,660.14K,
03/26/2025,51.91,52.24,51.01,51.45,666.50K,
03/25/2025,52.21,52.81,51.44,51.59,1.01M,
03/24/2025,51.17,52.5,50.76,52.42,984.12K,
03/21/2025,49.14,50.32,48.65,50,1.32M,
03/20/2025,49.11,50.58,49.11,49.78,757.35K,
03/19/2025,48.06,50.01,47.69,49.74,979.23K,
03/18/2025,48.18,48.58,47.73,47.87,896.00K,
03/17/2025,48.8,48.9,46.16,47.96,1.65M,
03/14/2025,48.38,49.63,48.01,49.24,915.92K,
03/13/2025,48.62,49.02,47.37,47.55,1.11M,
03/12/2025,48.81,49.6,47.93,48.28,916.56K,
03/11/2025,46.57,48.47,45.5,47.68,1.26M,
03/10/2025,47,47,44.61,46.51,1.90M,
03/07/2025,49.33,49.33,47.01,48.68,1.45M,
03/06/2025,50.25,51.03,49.01,49.34,1.23M,
03/05/2025,50.62,52.06,50.04,50.92,900.43K,
03/04/2025,50.31,51.3,49.14,50.51,1.52M,
03/03/2025,54.56,55.05,51.17,51.74,1.07M,
02/28/2025,53.77,54.31,53.08,54,796.72K,
02/27/2025,54.24,54.71,53.15,53.64,892.82K,
02/26/2025,54.65,55.28,52.77,53.9,1.49M,
02/25/2025,55.85,56.05,54.28,54.49,705.88K,
02/24/2025,57.59,57.59,55.31,55.45,790.41K,
02/21/2025,59.82,60.2,56.47,56.93,582.51K,
02/20/2025,60.82,61,58.63,59.67,593.69K,
02/19/2025,61.01,61.85,60.44,61.02,577.88K,
02/18/2025,62.73,63.17,61.02,61.95,473.92K,
02/14/2025,61.27,62.7,61.24,62.41,512.18K,
02/13/2025,61.86,62.2,60.74,61.27,384.05K,
02/12/2025,62.05,62.28,60.19,61.31,491.81K,
02/11/2025,60.03,63.13,59.76,62.47,607.49K,
02/10/2025,62.66,62.66,60.5,60.6,474.21K,
02/07/2025,62.84,63.25,61.67,62.03,397.47K,
02/06/2025,62.79,63.23,61.8,62.77,472.69K,
02/05/2025,60.81,62,59.63,61.91,841.72K,
02/04/2025,63.65,64.74,59.6,60.2,1.57M,
02/03/2025,61.62,63.65,59.88,63.13,1.08M,
01/31/2025,63.3,64.5,62.29,63.33,819.01K,
01/30/2025,63,65.69,60.65,63.71,1.35M,
01/29/2025,63.27,63.79,61.73,63.65,864.68K,
01/28/2025,63.26,63.49,61.15,63.08,752.93K,
01/27/2025,64.22,64.72,62.9,63.9,590.56K,
01/24/2025,64.46,65.08,63.91,64.49,396.79K,
01/23/2025,64.96,65.9,64.37,64.84,518.61K,
01/22/2025,63.87,65.15,63.62,65.07,572.22K,
01/21/2025,62.38,63.79,61.92,63.75,573.12K,
01/17/2025,61.69,61.82,60.96,61.53,427.21K,
01/16/2025,60.9,61.71,60.19,60.87,466.80K,
01/15/2025,61.23,62.03,60.84,61.48,597.10K,
01/14/2025,58.67,59.54,58.11,59.12,409.45K,
01/13/2025,56.39,57.6,55.76,57.54,643.89K,
01/10/2025,58.55,58.77,57.04,57.19,517.80K,
01/08/2025,59.19,59.6,58.44,59.28,447.46K,
01/07/2025,61.78,62.4,59.46,59.66,726.02K,
01/06/2025,62.62,63.14,61.51,61.78,473.15K,
01/03/2025,60.93,61.95,60,61.88,400.48K,
01/02/2025,60.99,61.71,60.1,60.47,656.19K,
12/31/2024,61.68,62.46,60.95,61.06,320.15K,
12/30/2024,61.03,61.97,60.39,61.4,661.62K,
12/27/2024,62.59,63.46,61.6,61.93,307.13K,
12/26/2024,62.11,63.59,61.81,63.32,222.68K,
12/24/2024,62.44,63.02,61.69,62.95,171.49K,
12/23/2024,61.83,63.16,61.35,62.29,427.29K,
12/20/2024,60.73,63.17,60,62.76,1.30M,
12/19/2024,63.42,65.15,60.59,61.42,1.08M,
12/18/2024,65.59,66.36,60.38,60.69,886.32K,
12/17/2024,65.41,66.27,64.43,65.11,733.36K,
12/16/2024,65.31,66.62,64.72,66.34,815.82K,
12/13/2024,66.02,66.23,65.2,65.27,665.76K,
12/12/2024,66.11,66.71,65.67,66.02,893.63K,
12/11/2024,64.8,66.56,64.65,66.35,995.07K,
12/10/2024,64.31,65.27,63.67,64.33,922.85K,
12/09/2024,63.45,65.24,63.2,64.44,1.31M,
12/06/2024,62.17,63.25,61.42,63.19,600.60K,
12/05/2024,61.34,62.09,60.57,61.96,421.74K,
12/04/2024,61.22,61.96,60.1,61.11,486.22K,
12/03/2024,60.79,62.04,60.03,61.15,718.68K,
12/02/2024,60.49,60.97,58.8,60.42,590.98K,
11/29/2024,59.27,59.8,58.06,58.83,252.37K,
11/27/2024,58.95,59.46,57.66,57.95,412.55K,
11/26/2024,58.77,59.16,58.15,58.57,634.66K,
11/25/2024,58.99,60.26,58.64,58.9,912.55K,
11/22/2024,57.47,58.73,57.47,58.07,542.99K,
11/21/2024,57.66,58.19,56.01,56.8,906.25K,
11/20/2024,57.82,58.4,56.82,57.18,491.33K,
11/19/2024,56.73,58.13,56.42,57.59,554.22K,
11/18/2024,58.51,59.34,57.41,57.67,542.37K,
11/15/2024,57.09,58.51,56.95,58.5,666.63K,
11/14/2024,56.88,57.54,56.32,56.7,664.23K,
11/13/2024,58.72,59.84,56.28,56.29,782.68K,
11/12/2024,59.1,60.05,58.33,58.64,569.66K,
11/11/2024,60.41,61.67,59.34,59.57,954.65K,
11/08/2024,60.32,61.03,58.95,59.07,679.20K,
11/07/2024,61.72,62.87,59.89,60.25,1.33M,
11/06/2024,59.17,63.01,59,62.77,2.73M,
11/05/2024,50.89,53.24,50.78,52.76,749.14K,
11/04/2024,50.64,51.65,50.36,50.63,429.25K,
11/01/2024,49.77,51.2,49.55,50.75,555.03K,
10/31/2024,51.52,51.88,49.73,49.85,524.08K,
10/30/2024,50,52.27,50,50.97,425.16K,
10/29/2024,50.37,50.97,49.89,50.1,427.68K,
10/28/2024,49.23,51.42,49.21,51.25,647.73K,
10/25/2024,50.08,51.64,48.98,49.38,741.93K,
10/24/2024,50.63,51.52,48.96,50.06,1.04M,
10/23/2024,50.57,51.13,50.09,51.01,1.02M,
10/22/2024,49.88,50.95,49.63,50.7,502.31K,
10/21/2024,51.15,51.28,49.66,50.04,564.94K,
10/18/2024,52.39,52.39,50.87,51.15,711.89K,
10/17/2024,53.14,53.22,52.33,52.81,590.85K,
10/16/2024,52.94,53.28,51.85,53.13,1.30M,
10/15/2024,51.23,52.65,50.51,51.37,737.16K,
10/14/2024,50.69,51.19,50.05,50.76,434.95K,
10/11/2024,49.35,50.96,49.35,50.81,709.82K,
10/10/2024,49.65,49.9,48.62,49.16,418.41K,
10/09/2024,48.38,50.1,48.23,49.86,592.42K,
10/08/2024,47.97,48.95,47.05,48.47,446.42K,
10/07/2024,47.64,48.3,47.44,48.3,625.03K,
10/04/2024,48.75,49.22,47.7,48.34,661.56K,
10/03/2024,46.08,47.31,45.75,47.18,492.96K,
10/02/2024,46.1,46.9,45.46,46.5,579.94K,
10/01/2024,47.24,47.59,45.86,46.45,584.50K,
09/30/2024,46.22,47.7,45.76,47.58,1.40M,
09/27/2024,47.25,47.44,46.16,46.73,652.74K,
09/26/2024,46.63,47.02,46.1,46.6,840.37K,
09/25/2024,47.25,47.51,46.1,46.51,945.15K,
09/24/2024,50.8,50.85,46.87,47,2.16M,
09/23/2024,52.69,53.19,50.7,50.83,1.15M,
09/20/2024,52.85,53.3,52.04,52.47,1.34M,
09/19/2024,53.88,54.36,52.53,53.06,1.28M,
09/18/2024,52.57,54.09,51.76,52.4,1.08M,
09/17/2024,49.77,52.38,49.77,52.27,1.13M,
09/16/2024,48.15,49.65,48.15,49.3,753.48K,
09/13/2024,47.8,49.21,47.6,48.1,1.24M,
09/12/2024,47.22,48.47,47.11,47.4,1.62M,
09/11/2024,47.47,47.67,45.84,46.77,2.02M,
09/10/2024,52.67,52.75,47.25,47.9,2.73M,
09/09/2024,55.83,56.27,52.45,53.91,2.47M,
09/06/2024,56.93,58.19,55.43,55.52,789.81K,
09/05/2024,57.52,58.31,56.19,56.72,610.52K,
09/04/2024,57.84,58.81,56.63,56.8,925.62K,
09/03/2024,57.27,58.71,56.93,57.51,972.22K,
08/30/2024,58.5,59.66,58.1,58.17,731.54K,
08/29/2024,58,59.07,57.79,58.6,673.94K,
08/28/2024,56.58,57.88,56.58,57.6,645.48K,
08/27/2024,55.83,57.2,55.83,57.11,678.98K,
08/26/2024,56.87,57.44,56.26,56.3,885.52K,
08/23/2024,55.03,56.78,55.03,56.53,773.33K,
08/22/2024,54.74,55.63,54.47,54.58,787.55K,
08/21/2024,55.26,55.83,54.18,54.51,773.57K,
08/20/2024,55.02,55.8,54.74,55.15,789.39K,
08/19/2024,54.29,55.48,54.17,55.33,894.25K,
08/16/2024,53.42,54.9,53.36,54.27,742.62K,
08/15/2024,53.86,54.86,53.24,53.46,1.17M,
08/14/2024,51.56,52.53,51.37,52.41,656.03K,
08/13/2024,50.56,51.34,50.13,51.09,615.85K,
08/12/2024,51.2,51.29,49.61,49.93,1.10M,
08/09/2024,49.74,52.09,49.74,51.1,2.14M,
08/08/2024,45.97,48.28,45.78,47.73,869.11K,
08/07/2024,45.36,46.02,44.57,45.17,590.75K,
08/06/2024,44.49,45.85,44.28,44.5,1.34M,
08/05/2024,43.61,45.23,42.74,44.52,1.43M,
08/02/2024,49.38,49.69,45.91,46.36,2.35M,
08/01/2024,54.55,54.97,50.5,50.78,1.54M,
07/31/2024,54.44,55.68,54.03,54.58,655.98K,
07/30/2024,53.89,54.9,53.52,54.41,1.16M,
07/29/2024,55.22,55.45,52.9,53.09,696.99K,
07/26/2024,53.15,55.08,52.62,55,1.35M,
07/25/2024,52.3,52.93,50.97,52.32,1.21M,
07/24/2024,51.06,51.77,50.27,50.31,934.44K,
07/23/2024,50.24,52.04,50.24,51.62,837.62K,
07/22/2024,50.57,50.7,49.42,50.24,571.99K,
07/19/2024,50.72,51.11,50.12,50.71,542.19K,
07/18/2024,51.48,52.62,50.83,50.92,759.83K,
07/17/2024,50.84,52.18,50.61,51.58,485.10K,
07/16/2024,49.96,51.73,49.79,51.6,1.15M,
07/15/2024,48.79,49.35,48.1,49.14,786.60K,
07/12/2024,46.79,48.24,46.56,47.45,748.22K,
07/11/2024,46.52,46.97,45.78,46.66,859.52K,
07/10/2024,45.87,46.32,44.83,46.19,813.52K,
07/09/2024,44.96,46.46,44.65,46.04,914.15K,
07/08/2024,45.2,45.5,44.68,44.93,539.80K,
07/05/2024,45.12,45.36,44.66,44.91,335.63K,
07/03/2024,45.84,46,45.15,45.39,273.11K,
07/02/2024,44.97,46.22,44.72,45.41,770.33K,
07/01/2024,44.75,45.53,44.57,45.33,663.00K,
06/28/2024,43.54,45.46,43.5,44.56,1.06M,
06/27/2024,43.11,43.35,42.46,43,506.64K,
06/26/2024,43.35,43.57,42.51,43.38,618.00K,
06/25/2024,43.78,43.83,43.19,43.36,937.18K,
06/24/2024,43.98,45.08,43.9,44.02,793.26K,
06/21/2024,44.06,44.41,43.44,43.96,1.52M,
06/20/2024,41.84,44.56,41.42,44.03,1.78M,
06/18/2024,40.93,41.57,40.44,40.84,853.33K,
06/17/2024,39.22,40.8,39.22,40.65,765.81K,
06/14/2024,39.67,40.1,39.19,39.29,692.38K,
06/13/2024,40.14,40.34,38.74,40.25,634.87K,
06/12/2024,39.72,40.9,39.23,40.21,677.77K,
06/11/2024,39.35,40,38.42,38.52,773.92K,
06/10/2024,40.5,40.8,40.1,40.21,434.22K,
06/07/2024,40.6,41.33,40.44,41.15,450.88K,
06/06/2024,41.25,41.79,40.96,41.1,433.31K,
06/05/2024,41.13,41.64,40.29,41.35,529.65K,
06/04/2024,41.03,41.42,40.53,40.98,485.57K,
06/03/2024,41.99,42,40.62,41.3,446.85K,
05/31/2024,41.48,41.78,40.53,41.76,631.01K,
05/30/2024,41.07,41.46,40.4,41.16,396.18K,
05/29/2024,40.76,40.88,39.58,40.71,710.16K,
05/28/2024,42.04,42.21,41.21,41.45,353.44K,
05/24/2024,41.5,41.94,41.34,41.88,362.04K,
05/23/2024,41.53,41.83,40.67,41.16,1.16M,
05/22/2024,42.17,42.73,41.59,41.65,1.29M,
05/21/2024,41.34,42.68,41.15,42.53,582.33K,
05/20/2024,41.84,42.06,41.43,41.43,740.31K,
05/17/2024,40.72,41.73,40.16,41.56,681.19K,
05/16/2024,42.19,42.35,38.92,40.56,1.60M,
05/15/2024,41.79,42.4,41.61,42.16,994.84K,
05/14/2024,41.9,42,40.91,41.5,1.24M,
05/13/2024,41.68,41.78,40.55,41.5,1.04M,
05/10/2024,40.46,40.78,39.81,40.69,720.27K,
05/09/2024,39.91,40.3,39.35,40.26,601.50K,
05/08/2024,39.56,40.07,39.56,39.98,1.25M,
05/07/2024,40.48,41.28,39.96,39.98,512.51K,
05/06/2024,41.2,41.39,40.2,40.39,702.01K,
05/03/2024,41.79,41.79,40.09,40.81,766.01K,
05/02/2024,40.26,41.38,38.97,41.21,1.17M,
05/01/2024,36.56,39.08,36.31,38.38,1.01M,
04/30/2024,37.64,37.88,36.73,36.91,768.60K,
04/29/2024,37.25,38.09,36.82,38.01,553.99K,
04/26/2024,36.6,38.89,36.5,36.97,1.00M,
04/25/2024,33.58,36.92,33.58,36.65,1.45M,
04/24/2024,35.54,35.83,34.76,35.53,942.36K,
04/23/2024,34.08,35.97,34.08,35.85,787.95K,
04/22/2024,34.61,34.85,33.89,34.22,1.39M,
04/19/2024,33.26,34.85,33.26,34.48,984.66K,
04/18/2024,32.46,33.86,32.25,33.2,886.05K,
04/17/2024,34.18,34.18,32.1,32.23,666.61K,
04/16/2024,33.4,33.7,32.81,33.54,872.81K,
04/15/2024,34.68,34.94,33.74,33.79,682.68K,
04/12/2024,34.64,34.82,34.03,34.28,469.71K,
04/11/2024,35.23,35.65,34.4,34.94,602.36K,
04/10/2024,35.17,35.86,34.75,35.38,487.56K,
04/09/2024,36.15,36.59,35.78,36.19,407.67K,
04/08/2024,35.65,37.21,35.65,36.47,553.41K,
04/05/2024,35.46,35.67,34.68,35.48,699.22K,
04/04/2024,36.76,36.96,35.41,35.61,774.94K,
04/03/2024,34.84,35.96,34.84,35.39,527.46K,
04/02/2024,35.79,36.19,34.75,34.99,720.66K,
04/01/2024,37.37,37.49,35.8,35.98,670.94K,
03/28/2024,37.27,37.96,36.92,37.24,405.61K,
03/27/2024,37.44,37.75,36.63,37.62,559.40K,
03/26/2024,35.82,37.28,35.82,36.97,1.06M,
03/25/2024,35.6,36.22,35.01,35.7,458.26K,
03/22/2024,38.23,38.28,35.55,35.59,1.05M,
03/21/2024,40.6,40.86,37.7,38.49,1.11M,
03/20/2024,39.01,40.45,38.59,40.16,971.78K,
03/19/2024,38.45,39.49,38.37,39.13,692.65K,
03/18/2024,37.01,38.45,36.81,38.37,793.75K,
03/15/2024,37,37.97,36.76,37.19,1.19M,
03/14/2024,38.44,38.73,37.08,37.6,959.35K,
03/13/2024,36.49,38.49,36.49,38.42,1.49M,
03/12/2024,36.56,36.9,35.87,36.68,983.98K,
03/11/2024,38.4,38.79,36.34,36.5,1.06M,
03/08/2024,37.86,39.19,37.65,38.92,2.08M,
03/07/2024,37.72,38.11,37.18,37.44,578.01K,
03/06/2024,38.07,38.41,37.21,37.56,536.30K,
03/05/2024,37.03,38.81,36.9,37.81,1.22M,
03/04/2024,38.24,38.6,37.23,37.4,592.73K,
03/01/2024,38.36,38.58,37.94,38.28,832.01K,
02/29/2024,37.99,38.63,37.69,38.28,771.21K,
02/28/2024,36.67,37.78,36.67,37.44,490.02K,
02/27/2024,37.14,37.71,36.88,37.22,604.49K,
02/26/2024,36.53,37.08,36.4,36.74,581.65K,
02/23/2024,36.84,37.2,36.49,36.78,413.46K,
02/22/2024,36.64,37,36.35,36.7,581.06K,
02/21/2024,38.56,38.71,36.35,36.61,914.86K,
02/20/2024,36.76,38.3,36.42,37.73,652.84K,
02/16/2024,37.36,37.91,36.76,37.2,513.30K,
02/15/2024,37.35,38.06,37.11,37.57,640.23K,
02/14/2024,37.17,37.58,36.17,37.31,490.80K,
02/13/2024,36.18,37.12,35.78,36.61,888.03K,
02/12/2024,35.7,37.68,35.63,37.37,647.09K,
02/09/2024,35.31,35.66,34.6,35.46,494.09K,
02/08/2024,34.21,35.4,33.7,35.32,431.21K,
02/07/2024,34.33,34.66,33.62,34.63,440.15K,
02/06/2024,34.2,34.8,33.97,34.28,403.89K,
02/05/2024,34.87,34.9,33.99,34.32,633.22K,
02/02/2024,35.9,36.01,35.3,35.5,514.71K,
02/01/2024,36.71,37.22,34.98,36.33,557.91K,
01/31/2024,36.44,37.65,36.03,36.27,914.91K,
01/30/2024,36.34,36.74,36.03,36.68,808.87K,
01/29/2024,35.47,36.24,35.01,36.23,1.26M,
01/26/2024,33.14,36.06,33.11,35.47,2.31M,
01/25/2024,28.88,33.02,28,32.63,1.95M,
01/24/2024,31.18,31.63,30.16,30.5,1.09M,
01/23/2024,31.4,31.67,30.71,30.75,533.65K,
01/22/2024,30.5,31.4,30.5,31.02,747.16K,
01/19/2024,29.61,30.35,29.12,30.21,764.05K,
01/18/2024,29.87,29.92,29.01,29.44,1.06M,
01/17/2024,30.3,30.67,29.92,30.11,799.61K,
01/16/2024,31.1,31.34,30.68,31.09,674.09K,
01/12/2024,33.15,33.26,31.39,31.42,480.64K,
01/11/2024,32.47,32.77,32.01,32.73,890.00K,
01/10/2024,32.22,32.81,32.22,32.5,460.14K,
01/09/2024,32.36,33,32.02,32.83,1.50M,
01/08/2024,32.55,33.59,32.31,33.57,570.01K,
01/05/2024,31.01,32.78,31.01,32.51,450.34K,
01/04/2024,32.12,32.12,31.37,31.52,413.17K,
01/03/2024,32,32.65,31.41,31.87,710.88K,
01/02/2024,32.41,33.73,32.35,32.99,679.29K,
12/29/2023,33.57,33.8,32.89,32.94,501.57K,
12/28/2023,33.43,33.71,33.2,33.6,480.65K,
12/27/2023,33.74,33.88,33.36,33.52,453.26K,
12/26/2023,33.76,33.91,33.48,33.72,479.96K,
12/22/2023,34.07,34.58,33.47,33.83,679.40K,
12/21/2023,32.96,34.22,32.96,34.17,757.39K,
12/20/2023,33.83,34.09,32.52,32.53,742.69K,
12/19/2023,33.34,34.12,33.06,33.85,806.07K,
12/18/2023,33.03,33.85,32.83,32.97,823.97K,
12/15/2023,34.08,34.17,33.01,33.39,1.47M,
12/14/2023,33.98,35.17,33.64,34,1.14M,
12/13/2023,30.62,33.47,30.14,33.08,1.64M,
12/12/2023,31.17,32.06,30.96,31.7,711.73K,
12/11/2023,30.63,31.47,30.27,31.28,647.67K,
12/08/2023,30.52,31.19,30.38,30.69,579.28K,
12/07/2023,29.54,30.98,29.47,30.92,1.15M,
12/06/2023,29.73,30.57,29.17,29.31,580.63K,
12/05/2023,29.12,29.31,28.47,29.27,619.25K,
12/04/2023,28.83,29.92,28.76,29.31,781.58K,
12/01/2023,27.95,29.82,27.83,29.25,652.41K,
11/30/2023,27.78,28.22,27.44,28.1,599.13K,
11/29/2023,27.9,28.45,27.51,27.59,546.42K,
11/28/2023,26.72,27.7,26.58,27.67,494.03K,
11/27/2023,27.1,27.55,26.6,26.82,475.26K,
11/24/2023,27.31,27.32,26.84,27.22,141.47K,
11/22/2023,26.9,27.41,26.83,27.13,386.40K,
11/21/2023,27.12,27.12,26.71,26.79,443.83K,
11/20/2023,27.39,27.66,27.1,27.44,451.87K,
11/17/2023,26.7,27.49,26.65,27.47,700.30K,
11/16/2023,28.09,28.09,26.27,26.34,860.55K,
11/15/2023,26.95,28.25,26.95,28.2,1.13M,
11/14/2023,28.07,28.95,27.37,27.44,792.04K,
11/13/2023,27.26,27.57,26.78,26.81,329.77K,
11/10/2023,27.34,27.66,26.94,27.6,638.60K,
11/09/2023,28.49,28.49,27.16,27.36,563.27K,
11/08/2023,28.68,28.96,28.04,28.17,538.96K,
11/07/2023,29.06,29.46,28.53,28.68,520.82K,
11/06/2023,29.12,29.53,28.75,29.41,627.65K,
11/03/2023,29.73,30.53,29.15,29.23,751.07K,
11/02/2023,27.23,28.86,27.22,28.85,816.31K,
11/01/2023,26.84,27.26,26.08,26.71,997.15K,
10/31/2023,27.37,27.5,26.92,27.03,526.68K,
10/30/2023,27.25,27.55,26.64,27.14,398.47K,
10/27/2023,27.1,27.49,26.45,26.77,705.60K,
10/26/2023,28.4,29.54,27.26,27.46,1.24M,
10/25/2023,28.15,28.35,27.69,27.82,744.18K,
10/24/2023,29.26,29.48,28.39,28.42,343.41K,
10/23/2023,28.45,29.23,28.32,28.63,573.69K,
10/20/2023,29.3,29.57,28.63,28.65,477.55K,
10/19/2023,30.01,30.42,29.26,29.42,504.09K,
10/18/2023,30.8,31.06,30.29,30.4,364.44K,
10/17/2023,30.26,31.59,30.09,31.4,579.74K,
10/16/2023,30.88,31.09,30.38,30.62,441.94K,
10/13/2023,32.25,32.33,29.97,30.47,768.39K,
10/12/2023,32.31,32.31,31.41,31.99,405.42K,
10/11/2023,31.22,32.4,31.22,32.29,461.47K,
10/10/2023,31.21,32.09,30.84,31.66,603.94K,
10/09/2023,30.17,31.48,30.17,30.93,367.53K,
10/06/2023,29.24,31,29.2,30.65,609.08K,
10/05/2023,30.57,30.83,29.53,29.58,870.45K,
10/04/2023,31.57,31.9,30.71,31.34,551.51K,
10/03/2023,32.52,32.96,31.35,31.36,1.05M,
10/02/2023,32.55,33.71,32.3,33.52,1.10M,
09/29/2023,34.44,34.72,34.08,34.2,336.19K,
09/28/2023,34.09,34.86,33.97,34.34,482.91K,
09/27/2023,34.08,34.15,33.42,33.71,298.04K,
09/26/2023,33.9,34.39,33.61,33.83,438.87K,
09/25/2023,34.1,34.41,33.73,34.32,358.79K,
09/22/2023,34.34,34.59,34,34.24,277.42K,
09/21/2023,34.34,34.97,34.25,34.37,374.54K,
09/20/2023,35.48,36.13,34.67,34.72,479.68K,
09/19/2023,34.54,35.32,34.21,35.09,531.18K,
09/18/2023,34.65,34.9,34.4,34.43,320.89K,
09/15/2023,34.94,35.57,34.69,34.99,1.10M,
09/14/2023,35.47,35.88,34.93,35.23,544.72K,
09/13/2023,36.06,36.06,34.8,34.94,599.21K,
09/12/2023,35.91,36.56,35.67,35.77,668.40K,
09/11/2023,36.27,36.48,35.89,35.94,438.47K,
09/08/2023,36.35,36.35,35.6,35.95,449.36K,
09/07/2023,37.08,37.41,35.83,36.23,608.61K,
09/06/2023,37.07,37.44,36.47,37.43,599.88K,
09/05/2023,37.5,37.76,36.87,37.07,810.12K,
09/01/2023,38.1,38.85,38,38.73,400.93K,
08/31/2023,37.75,37.92,37.23,37.58,499.39K,
08/30/2023,37.58,37.97,37.44,37.54,388.26K,
08/29/2023,37.29,37.95,37.04,37.68,402.99K,
08/28/2023,37.38,37.9,37.15,37.19,327.68K,
08/25/2023,37.21,37.68,36.87,37.01,509.32K,
08/24/2023,36.89,37.61,36.89,37.26,496.40K,
08/23/2023,36.59,37.15,36,36.91,357.28K,
08/22/2023,37.9,37.9,36.5,36.51,766.46K,
08/21/2023,37.54,37.65,37.05,37.44,377.88K,
08/18/2023,36.84,37.83,36.84,37.53,435.10K,
08/17/2023,37.5,37.86,37.15,37.43,684.77K,
08/16/2023,38.06,38.39,37.29,37.31,690.26K,
08/15/2023,38.92,39.13,37.89,38.22,505.55K,
08/14/2023,39.88,39.88,39.03,39.34,523.99K,
08/11/2023,40.5,40.61,40.02,40.3,316.78K,
08/10/2023,40.88,41.4,40.31,40.72,624.00K,
08/09/2023,40.87,40.87,40.01,40.68,730.79K,
08/08/2023,40.31,41.03,39.82,41,530.18K,
08/07/2023,40.88,41.63,40.72,41.18,624.72K,
08/04/2023,39.76,40.87,39.11,40.54,630.03K,
08/03/2023,39.76,40.35,39.24,40.02,586.97K,
08/02/2023,40.42,40.51,39.42,39.72,868.66K,
08/01/2023,41.45,41.45,40.36,40.55,951.03K,
07/31/2023,41.15,41.89,40.5,41.57,1.10M,
07/28/2023,40.35,41.07,39.57,40.75,867.26K,
07/27/2023,38.85,39.89,37.41,39.4,1.71M,
07/26/2023,36.56,37.47,36.37,36.39,1.07M,
07/25/2023,37.42,37.57,36.77,36.87,928.52K,
07/24/2023,36.73,37.47,36.58,37.3,490.90K,
07/21/2023,36.96,37.03,35.95,36.53,735.34K,
07/20/2023,37.01,37.07,36.17,36.78,871.12K,
07/19/2023,37.15,37.63,36.56,37.39,778.25K,
07/18/2023,35.42,36.85,35.4,36.84,1.42M,
07/17/2023,34.5,35.44,34.24,35.09,452.49K,
07/14/2023,36.27,36.28,34.4,34.85,619.57K,
07/13/2023,35.19,36.19,34.84,36.17,1.06M,
07/12/2023,35.12,35.29,34.56,34.77,685.21K,
07/11/2023,33.45,34.26,33.13,34.15,995.03K,
07/10/2023,31.68,33.38,31.56,33.24,2.13M,
07/07/2023,31.44,31.87,31.12,31.46,1.55M,
07/06/2023,31.16,31.53,30.43,31.17,1.99M,
07/05/2023,31.51,32.22,31.11,31.65,1.70M,
07/03/2023,31.44,32.25,31.44,31.81,564.51K,
06/30/2023,31.45,31.85,30.69,31.39,1.32M,
06/29/2023,30.02,30.93,30.02,30.87,579.70K,
06/28/2023,29.97,30.07,29.42,29.94,695.27K,
06/27/2023,29.67,30.57,29.28,30.29,670.31K,
06/26/2023,29.45,30.18,29.45,29.66,693.42K,
06/23/2023,29.12,29.75,28.77,29.45,820.06K,
06/22/2023,29.93,30.22,29.17,29.7,982.65K,
06/21/2023,30.24,30.44,29.68,30.14,835.32K,
06/20/2023,30.5,30.74,29.56,30.21,1.61M,
06/16/2023,31.32,31.39,30.3,30.74,1.41M,
06/15/2023,30.35,31.12,29.88,30.95,969.89K,
06/14/2023,31.88,32.1,30.19,30.71,1.10M,
06/13/2023,30.5,32,30.3,31.88,1.23M,
06/12/2023,29.98,30.8,29.72,30.64,1.68M,
06/09/2023,30.88,30.91,30,30.25,3.98M,
06/08/2023,30.75,31.09,29.24,30.74,4.59M,
06/07/2023,32,32.92,31.95,32.71,390.82K,
06/06/2023,29.88,31.83,29.52,31.5,523.19K,
06/05/2023,30.77,30.86,29.39,30.16,466.98K,
06/02/2023,29.55,31.05,29.39,30.89,704.14K,
06/01/2023,28.4,29.17,28.18,28.73,895.83K,
05/31/2023,28.83,29.44,27.73,28.18,1.71M,
05/30/2023,29.81,30.14,28.92,29.34,476.61K,
05/26/2023,29.28,29.93,28.87,29.71,539.00K,
05/25/2023,29.38,29.77,28.8,29.13,394.24K,
05/24/2023,29.93,30.04,29.2,29.52,412.82K,
05/23/2023,30.61,31.36,30.32,30.39,407.26K,
05/22/2023,30.7,30.93,30.27,30.49,538.74K,
05/19/2023,30.83,31.4,29.69,30.04,513.88K,
05/18/2023,29.84,30.8,29.64,30.52,455.32K,
05/17/2023,28.48,30.22,28.47,29.84,744.66K,
05/16/2023,27.45,28.27,27.4,27.73,626.95K,
05/15/2023,26.94,28.4,26.94,27.71,1.26M,
05/12/2023,26.87,26.97,26.21,26.7,576.56K,
05/11/2023,25.52,26.38,25.41,26.36,526.47K,
05/10/2023,26.76,26.87,25.59,26.03,560.48K,
05/09/2023,25.51,26.52,25.19,26.23,750.73K,
05/08/2023,25.14,25.45,24.87,25.14,759.17K,
05/05/2023,24.43,25.17,24.39,24.94,672.61K,
05/04/2023,24.35,24.54,23.19,23.7,1.06M,
05/03/2023,24.81,25.7,24.68,24.81,733.58K,
05/02/2023,26.51,26.72,24.25,24.89,921.87K,
05/01/2023,27.51,27.9,26.75,26.85,863.34K,
04/28/2023,27.35,29.24,27.18,27.6,1.27M,
04/27/2023,26.99,27.51,25.71,27.3,1.10M,
04/26/2023,26.95,27.71,26.48,26.76,831.56K,
04/25/2023,27.53,27.59,26.94,27.01,427.21K,
04/24/2023,28.17,28.43,27.73,28.01,484.22K,
04/21/2023,28.43,28.43,27.7,28.18,641.14K,
04/20/2023,27.97,28.22,27.5,28.22,647.76K,
04/19/2023,27.56,28.54,27.39,28.39,551.53K,
04/18/2023,27.83,27.93,27.19,27.69,412.43K,
04/17/2023,27.79,27.98,27.23,27.85,679.02K,
04/14/2023,28,28.66,27.23,27.71,468.14K,
04/13/2023,27.32,27.93,26.9,27.66,445.03K,
04/12/2023,28.62,28.66,27.1,27.28,652.13K,
04/11/2023,27.46,28.3,27.14,28.14,1.13M,
04/10/2023,26.96,28.38,26.84,27.53,970.02K,
04/06/2023,28.84,28.84,26.21,27,1.77M,
04/05/2023,28.9,29.23,28.46,28.92,625.62K,
04/04/2023,30.67,30.67,28.96,29.66,1.10M,
04/03/2023,30.5,30.95,29.98,30.28,759.02K,
03/31/2023,29.76,30.35,29.33,30.32,807.03K,
03/30/2023,29.8,29.96,29.06,29.56,536.18K,
03/29/2023,29.1,29.52,28.89,29.39,372.80K,
03/28/2023,28.95,29.21,28.25,28.52,453.83K,
03/27/2023,28.61,29.08,28.22,28.9,683.25K,
03/24/2023,27.19,27.87,26.66,27.76,1.08M,
03/23/2023,29.52,29.81,27.73,27.94,884.59K,
03/22/2023,30.33,30.64,29.4,29.43,840.72K,
03/21/2023,30.62,31.28,30.05,30.23,1.12M,
03/20/2023,29.86,30.91,28.91,29.11,949.59K,
03/17/2023,30.15,30.7,29.13,29.38,1.76M,
03/16/2023,30.52,32.06,29.22,31.46,866.48K,
03/15/2023,31.05,31.62,29.94,31.02,1.16M,
03/14/2023,34.15,35.1,32.7,32.97,1.40M,
03/13/2023,33.54,33.65,31.67,31.95,1.55M,
03/10/2023,35.16,35.65,33.81,34.91,1.05M,
03/09/2023,37.48,37.9,35.35,35.42,685.80K,
03/08/2023,37.55,38.16,36.98,37.57,421.68K,
03/07/2023,38.24,38.65,37.32,37.54,616.31K,
03/06/2023,40.5,40.99,37.92,38.39,831.95K,
03/03/2023,41.06,41.21,40.27,40.62,768.52K,
03/02/2023,40.21,40.89,39.64,40.3,697.80K,
03/01/2023,40.87,41.57,40.7,40.93,461.77K,
02/28/2023,40.99,41.59,40.97,41.07,513.06K,
02/27/2023,40.17,41.19,39.64,40.98,716.51K,
02/24/2023,40.16,40.16,38.79,39.64,589.41K,
02/23/2023,41.05,41.49,38.89,40.32,566.74K,
02/22/2023,39.7,40.53,38.93,40.23,723.11K,
02/21/2023,39.71,40.9,38.95,38.96,631.94K,
02/17/2023,40.83,41.15,39.87,40.52,634.45K,
02/16/2023,41.17,41.87,40.51,41.08,554.60K,
02/15/2023,40.5,41.81,40.5,41.79,640.06K,
02/14/2023,41.48,41.8,40.27,41.19,706.01K,
02/13/2023,40.27,41.6,39.89,41.58,467.95K,
02/10/2023,40.79,41.09,40.11,40.68,426.62K,
02/09/2023,42.1,42.12,40.88,40.95,546.23K,
02/08/2023,41.68,42.1,41.16,41.72,573.49K,
02/07/2023,40.67,41.94,40.44,41.69,728.82K,
02/06/2023,41.99,41.99,40.24,40.64,830.28K,
02/03/2023,43.22,44.52,42.62,42.79,1.13M,
02/02/2023,38.2,44.03,38.2,43.94,2.16M,
02/01/2023,36.25,38.71,34.93,38.07,3.40M,
01/31/2023,39.08,41.09,38.86,41.03,922.26K,
01/30/2023,39.48,40.51,39.25,39.4,1.25M,
01/27/2023,40.04,41.18,39.01,40.52,1.43M,
01/26/2023,42.89,43.49,38.47,40.23,2.01M,
01/25/2023,40.2,42.91,39.97,42.72,1.93M,
01/24/2023,39.97,42,39.92,40.67,888.47K,
01/23/2023,39.12,41.02,38.69,40.32,1.49M,
01/20/2023,36.66,38.89,36.1,38.88,1.52M,
01/19/2023,36.17,36.81,34.58,36.19,1.21M,
01/18/2023,38.51,38.76,37.2,37.31,766.81K,
01/17/2023,38.3,38.9,37.78,38.5,949.64K,
01/13/2023,38.82,39.23,37.89,38.34,605.91K,
01/12/2023,39.23,40.36,38.51,39.69,1.72M,
01/11/2023,38.7,39.35,38.43,39.09,1.05M,
01/10/2023,38.95,38.99,37.36,38.75,961.99K,
01/09/2023,41.63,41.63,39.31,39.35,689.50K,
01/06/2023,40.5,41.37,39.24,41.11,804.60K,
01/05/2023,40.36,40.89,39.65,40.36,729.42K,
01/04/2023,38.9,40.94,38.9,40.11,879.52K,
01/03/2023,38.07,38.92,37.57,37.94,664.71K,
12/30/2022,36.71,37.82,36.58,37.66,447.64K,
12/29/2022,35.79,37.41,35.73,37.32,444.17K,
12/28/2022,37.1,37.25,35.6,35.62,503.62K,
12/27/2022,37.18,37.9,36.41,36.91,486.60K,
12/23/2022,36.87,37.47,36.28,37.29,421.33K,
12/22/2022,36.71,37,35.65,36.98,595.66K,
12/21/2022,36.62,37.72,36.54,37.48,626.09K,
12/20/2022,36.92,37.33,36.04,36.08,877.40K,
12/19/2022,37.98,38.08,36.85,37.25,852.37K,
12/16/2022,38.96,39.34,36.69,37.86,1.37M,
12/15/2022,38.8,39.77,38,39.49,1.47M,
12/14/2022,38.79,40.69,38.79,39.87,1.30M,
12/13/2022,40.04,40.63,38.32,39.11,607.32K,
12/12/2022,37.99,38.62,37.88,38.29,580.99K,
12/09/2022,37.14,38.72,36.96,38.19,380.32K,
12/08/2022,38.28,38.42,37.22,37.58,410.36K,
12/07/2022,37.96,38.49,37.5,38.01,337.58K,
12/06/2022,38.8,39.22,37.46,38.3,394.86K,
12/05/2022,39.19,39.42,38.38,38.83,271.98K,
12/02/2022,40,41.09,39.74,39.78,445.06K,
12/01/2022,40.97,41.37,40.01,40.39,572.12K,
11/30/2022,40.26,41.07,38.63,41.03,862.57K,
11/29/2022,38.34,40.38,38.34,40.23,688.05K,
11/28/2022,38.96,39.42,37.68,38.1,446.54K,
11/25/2022,39.76,39.76,39.36,39.56,146.88K,
11/23/2022,38.78,39.9,38.31,39.63,435.40K,
11/22/2022,38.28,39.08,38.09,39.08,488.65K,
11/21/2022,37.58,38.11,37.02,37.81,497.85K,
11/18/2022,37.69,37.91,36.28,37.82,514.12K,
11/17/2022,36.5,37.03,35.96,37.01,519.45K,
11/16/2022,39.2,39.76,37.42,37.7,601.19K,
11/15/2022,41.38,41.59,39.38,39.52,651.26K,
11/14/2022,42.16,42.72,40.71,40.71,760.57K,
11/11/2022,40.58,43.24,40.43,42.98,996.78K,
11/10/2022,38.44,41.18,38.44,40.43,1.16M,
11/09/2022,36.63,37.2,35.95,36.73,891.55K,
11/08/2022,36.89,37.65,36.55,37.36,701.31K,
11/07/2022,35.5,36.94,34.76,36.84,811.34K,
11/04/2022,34.84,35.95,34.68,35.03,605.35K,
11/03/2022,34.71,34.93,33.75,34.18,722.94K,
11/02/2022,36.33,37.13,35.29,35.44,1.55M,
11/01/2022,36.81,37.49,36.25,36.71,10.88M,
10/31/2022,36.41,37.11,35.79,36.11,2.11M,
10/28/2022,35.13,37.49,34.81,37.01,2.85M,
10/27/2022,33.45,35.13,32.75,34.53,1.16M,
10/26/2022,32.93,33.53,32.2,32.61,949.14K,
10/25/2022,30.51,32.96,30.18,32.64,1.19M,
10/24/2022,30.21,30.8,29.48,30.48,836.69K,
10/21/2022,29.48,30.25,28.85,30.04,668.03K,
10/20/2022,30,31.18,29.5,29.62,664.10K,
10/19/2022,31.47,31.53,29.39,29.83,673.69K,
10/18/2022,33.13,33.5,31.89,32.06,922.51K,
10/17/2022,32.49,32.84,31.79,32.1,716.31K,
10/14/2022,32.47,33.14,31.02,31.34,745.87K,
10/13/2022,29.88,32.73,29.38,32.32,937.42K,
10/12/2022,29.96,31.07,29.29,30.65,767.93K,
10/11/2022,30.18,30.79,29.59,29.92,793.68K,
10/10/2022,30.78,31.28,29.92,30.05,661.43K,
10/07/2022,31.06,31.27,30.29,30.77,974.38K,
10/06/2022,32.21,32.65,31.35,31.55,612.77K,
10/05/2022,32.34,32.98,32.01,32.76,704.23K,
10/04/2022,32.85,33.84,32.75,33.68,1.06M,
10/03/2022,32.02,32.63,30.55,32.15,1.01M,
09/30/2022,32.21,32.35,31.29,31.45,956.81K,
09/29/2022,31.9,32.51,30.9,32.1,777.57K,
09/28/2022,32.16,32.71,31.8,32.55,841.52K,
09/27/2022,32.88,33.2,31.12,31.85,769.47K,
09/26/2022,32.83,33.5,32.15,32.32,811.12K,
09/23/2022,32.76,33.21,31.78,33.17,742.82K,
09/22/2022,34.73,35.05,33.28,33.44,572.85K,
09/21/2022,36.45,36.87,34.9,34.91,470.98K,
09/20/2022,36.66,36.78,35.65,36.1,646.39K,
09/19/2022,36.72,37.79,36.7,37.16,672.13K,
09/16/2022,36.65,37.49,36.11,37.48,1.38M,
09/15/2022,35.89,38.19,35.89,37.25,975.15K,
09/14/2022,36.61,36.81,35.5,35.99,611.85K,
09/13/2022,37.94,38.12,36.57,36.68,630.04K,
09/12/2022,40.24,40.89,39.32,39.57,641.46K,
09/09/2022,38.37,39.97,38.37,39.84,707.79K,
09/08/2022,36.19,37.96,35.79,37.87,582.67K,
09/07/2022,36.1,36.76,35.89,36.7,830.45K,
09/06/2022,38.11,38.11,36.13,36.45,917.39K,
09/02/2022,38.57,39.14,37.65,38.05,751.36K,
09/01/2022,37.98,38.36,36.9,38.28,973.53K,
08/31/2022,39.02,39.02,37.94,38.43,658.91K,
08/30/2022,39.04,39.24,38.24,38.65,384.10K,
08/29/2022,38.59,38.82,37.85,38.52,492.37K,
08/26/2022,41.32,41.75,39.11,39.12,431.88K,
08/25/2022,41.34,41.73,41.02,41.55,347.93K,
08/24/2022,40.62,41.15,40.29,40.75,349.78K,
08/23/2022,40.54,41.46,40.22,40.7,563.23K,
08/22/2022,41.53,42.08,40.45,40.58,367.34K,
08/19/2022,44.11,44.11,42.68,42.72,445.00K,
08/18/2022,44.11,44.69,43.66,44.67,399.02K,
08/17/2022,43.48,44.42,42.73,44.14,667.59K,
08/16/2022,44.71,45.67,44.2,44.69,676.29K,
08/15/2022,43.61,44.53,42.81,44.5,715.50K,
08/12/2022,44.36,44.37,43.32,44.22,755.19K,
08/11/2022,44.62,45.64,44.01,44.06,806.57K,
08/10/2022,39.8,44.05,39.18,43.91,918.62K,
08/09/2022,38.66,38.66,37.45,38.08,1.42M,
08/08/2022,38.57,40.23,38.44,38.9,599.58K,
08/05/2022,38.77,39.33,38.34,38.37,584.01K,
08/04/2022,39.64,40.3,38.73,39.36,572.87K,
08/03/2022,38.94,40.25,38.4,39.84,717.99K,
08/02/2022,38.82,39.32,38.11,38.27,914.30K,
08/01/2022,39.41,40.11,38.51,39.36,735.81K,
07/29/2022,39.81,40.13,38.5,39.61,1.33M,
07/28/2022,42.16,43.71,38.49,40.28,1.21M,
07/27/2022,42.03,42.75,40.89,42.51,660.15K,
07/26/2022,43.47,43.72,41.67,41.69,723.51K,
07/25/2022,44.35,44.89,43.27,43.92,442.55K,
07/22/2022,45.44,45.71,43.59,44.15,444.91K,
07/21/2022,44.49,45.47,44.04,45.4,655.59K,
07/20/2022,44.44,45.75,44.41,45.65,1.01M,
07/19/2022,42.02,44.45,41.95,44.38,860.12K,
07/18/2022,41.53,42.6,41.26,41.6,752.10K,
07/15/2022,39.86,40.74,38.93,40.4,551.17K,
07/14/2022,38.95,39.43,38.3,39,789.97K,
07/13/2022,39.65,40.26,38.94,40.16,1.08M,
07/12/2022,38.27,41.16,38.2,40.59,1.04M,
07/11/2022,37.6,38.77,36.86,38.72,1.20M,
07/08/2022,38.06,38.78,37.07,38.41,726.72K,
07/07/2022,37.64,38.12,37.26,37.94,829.72K,
07/06/2022,36.64,37.42,35.57,36.89,1.34M,
07/05/2022,35.4,36.97,34.55,36.96,1.41M,
07/01/2022,37,37.75,35.79,36.97,885.57K,
06/30/2022,37.35,37.57,36.28,37.06,1.19M,
06/29/2022,39.2,39.68,37.04,38.12,1.13M,
06/28/2022,41.06,42.29,39.42,39.54,1.04M,
06/27/2022,39.73,41.8,39.62,40.57,2.21M,
06/24/2022,40.65,42.75,38.68,39.54,8.57M,
06/23/2022,41.92,42.32,40.03,40.44,1.18M,
06/22/2022,42.28,43.31,41.65,41.81,849.02K,
06/21/2022,45.57,45.82,43.28,43.31,807.54K,
06/17/2022,42.59,44.98,42.15,44.07,2.83M,
06/16/2022,44.17,44.17,41.93,42.67,1.19M,
06/15/2022,44.63,46.18,44.38,45.58,745.19K,
06/14/2022,43.52,44,42.59,43.67,1.22M,
06/13/2022,45.35,45.84,43.19,43.65,879.29K,
06/10/2022,49.83,51.32,47.07,47.07,525.07K,
06/09/2022,54.03,54.03,52.09,52.16,459.80K,
06/08/2022,55.06,55.31,53.77,54.26,494.01K,
06/07/2022,54.48,55.76,54.47,55.65,428.23K,
06/06/2022,55.47,55.87,54.71,55.12,473.69K,
06/03/2022,54.83,55.24,54.08,54.29,523.32K,
06/02/2022,54.92,55.77,54.25,55.61,561.05K,
06/01/2022,55.39,55.66,53.22,54.56,681.24K,
05/31/2022,53.95,55.62,53.56,55.1,694.68K,
05/27/2022,52.59,54.66,52.59,54.61,567.87K,
05/26/2022,51.53,52.52,51.53,52.18,1.22M,
05/25/2022,47.8,51.24,47.77,50.73,856.53K,
05/24/2022,49.37,49.93,47.16,48.32,525.91K,
05/23/2022,48.83,50.78,47.87,49.89,644.99K,
05/20/2022,48.25,48.71,46.31,48.17,479.82K,
05/19/2022,48.02,49.08,47.61,47.96,632.33K,
05/18/2022,51.07,51.63,48.53,48.77,415.82K,
05/17/2022,51.48,51.83,50.42,51.64,1.33M,
05/16/2022,50.49,51.09,48.77,49.8,818.78K,
05/13/2022,49,52.37,49,51.01,1.31M,
05/12/2022,48.01,49.19,46.57,48.23,3.76M,
05/11/2022,50.04,51.91,48.7,48.99,1.90M,
05/10/2022,52.5,52.76,49.45,50.55,787.33K,
05/09/2022,53.09,53.7,51.29,51.96,599.99K,
05/06/2022,54.74,55.16,53.22,53.99,494.15K,
05/05/2022,56.52,57.48,54.21,55.03,749.20K,
05/04/2022,55.6,57.58,54.47,57.46,672.64K,
05/03/2022,55.11,56.05,54.47,55.51,766.08K,
05/02/2022,55.62,56.09,53.7,55.14,590.48K,
04/29/2022,55.82,57.54,54.59,54.8,678.05K,
04/28/2022,55.01,58.25,54.26,56.83,809.20K,
04/27/2022,54,55.33,53.38,53.63,493.81K,
04/26/2022,55.87,56.45,54.13,54.34,567.35K,
04/25/2022,55.05,56.71,53.83,56.56,617.58K,
04/22/2022,57.68,57.99,55.47,55.56,369.31K,
04/21/2022,60,60.41,57.92,58.26,275.14K,
04/20/2022,59.48,60.79,58.76,59.23,522.00K,
04/19/2022,57.24,59.51,56.85,59.08,806.65K,
04/18/2022,54.97,57.04,54.67,57,556.75K,
04/14/2022,55.08,56.28,54.77,55.1,502.46K,
04/13/2022,52.3,55.05,52.3,54.87,521.85K,
04/12/2022,53.36,55.01,52.88,53.28,550.18K,
04/11/2022,52.39,54.68,52.15,52.9,520.01K,
04/08/2022,51.49,53.45,51.2,52.7,472.65K,
04/07/2022,52.46,52.76,50.3,51.83,786.96K,
04/06/2022,54.35,54.35,52.23,52.61,878.88K,
04/05/2022,56,56.8,54.38,54.89,796.52K,
04/04/2022,55.65,57.1,53.89,55.83,652.07K,
04/01/2022,56.84,57.82,56.28,56.8,463.84K,
03/31/2022,56.6,57.64,56.11,56.15,1.47M,
03/30/2022,58.4,59.19,56.61,57.05,507.52K,
03/29/2022,57.2,59.16,57.2,58.71,584.54K,
03/28/2022,58.24,58.49,55.7,56.27,972.39K,
03/25/2022,58.99,60.13,58.53,59.7,543.01K,
03/24/2022,58.59,58.74,57.5,58.64,441.99K,
03/23/2022,60.26,60.98,57.87,58.2,661.63K,
03/22/2022,60.2,62,60.2,61,554.42K,
03/21/2022,61.77,62.08,59.15,59.47,744.69K,
03/18/2022,61.86,62.75,60.77,62.53,943.63K,
03/17/2022,59.9,62.44,59.22,62.06,689.01K,
03/16/2022,59.52,62.91,59.06,62.24,1.03M,
03/15/2022,56.73,59.14,56.62,58.3,1.20M,
03/14/2022,56.2,56.55,55.18,55.83,533.67K,
03/11/2022,55.94,56.35,54.56,55.47,537.84K,
03/10/2022,55.79,56.95,54.03,55.13,684.46K,
03/09/2022,55.78,59.85,55.54,57.31,2.52M,
03/08/2022,55.47,56.44,53.3,53.59,3.30M,
03/07/2022,59.96,59.96,55.08,55.09,1.18M,
03/04/2022,61.57,63.2,59.92,60.98,1.31M,
03/03/2022,65.12,65.12,61.53,63.05,728.75K,
03/02/2022,63.97,65.38,62.7,64.33,743.75K,
03/01/2022,68.09,68.63,62.99,63.5,894.17K,
02/28/2022,66.22,68.52,66.11,67.45,854.70K,
02/25/2022,64.97,67.71,64.39,67.65,779.93K,
02/24/2022,63.87,65.16,61.77,64.89,1.86M,
02/23/2022,69.3,69.69,66.86,66.93,469.70K,
02/22/2022,70,70.44,67.92,68.69,590.28K,
02/18/2022,70.03,71.29,69.6,70.5,669.58K,
02/17/2022,71.79,72.45,69.47,70.38,557.94K,
02/16/2022,71.99,73.27,71.69,72.82,427.43K,
02/15/2022,71.09,72.5,70.72,72.42,827.38K,
02/14/2022,70.5,72,69.35,70.03,681.62K,
02/11/2022,72.19,73.49,70.53,71.16,609.56K,
02/10/2022,72.32,74.8,71.93,72.25,955.83K,
02/09/2022,73.78,74.55,73.27,73.6,616.25K,
02/08/2022,71,73.26,70.85,72.9,1.15M,
02/07/2022,69.29,70.71,68.63,70.04,1.25M,
02/04/2022,68.81,69.68,67.51,69.2,430.15K,
02/03/2022,69.45,70.46,68.32,68.61,517.59K,
02/02/2022,69.38,70.23,67.58,69.86,961.77K,
02/01/2022,68.83,70.01,67.84,69.75,728.68K,
01/31/2022,67.88,69.12,66.83,69.04,1.11M,
01/28/2022,66.47,68.86,65.95,67.6,1.58M,
01/27/2022,65.61,69.1,65,66.05,1.13M,
01/26/2022,68.08,68.87,65.46,66.46,760.29K,
01/25/2022,66.09,67.64,64.92,66.62,1.03M,
01/24/2022,62.73,67.46,62.49,67.17,1.32M,
01/21/2022,64.66,66.13,63.83,64.61,797.51K,
01/20/2022,65.82,68.67,64.82,65.54,1.20M,
01/19/2022,66.02,67.02,64.05,65.69,3.70M,
01/18/2022,71.89,72.1,68.69,69.06,879.35K,
01/14/2022,74.01,74.32,71.2,72.37,845.55K,
01/13/2022,72.74,75.6,72.49,74.87,1.03M,
01/12/2022,73,73.79,71.09,71.94,2.99M,
01/11/2022,71.8,73,70.41,72.29,493.81K,
01/10/2022,70,72.07,68.9,71.8,1.64M,
01/07/2022,68.94,71.47,68.94,70.4,1.45M,
01/06/2022,69.97,70.53,68.64,69.34,570.73K,
01/05/2022,70.99,72,68.97,69.01,876.87K,
01/04/2022,70.16,71.85,69.92,70.99,827.71K,
01/03/2022,66.85,69.74,66.6,68.63,582.89K,
12/31/2021,66.2,67.4,66.14,66.57,678.77K,
12/30/2021,66.92,67.9,66.55,67,422.68K,
12/29/2021,67.5,68.04,66.74,66.81,418.31K,
12/28/2021,67.5,69.56,67.5,67.83,837.47K,
12/27/2021,68.7,68.73,67.1,68.05,1.11M,
12/23/2021,68.46,69.51,68.37,69.07,668.30K,
12/22/2021,67.28,68.73,66.91,68.21,356.66K,
12/21/2021,66,67.8,66,67.64,640.72K,
12/20/2021,65,65.7,63.44,65.13,1.18M,
12/17/2021,68.06,68.29,65.9,66.97,1.11M,
12/16/2021,69.51,70.67,68.06,68.37,635.35K,
12/15/2021,69.14,69.39,66.1,68.94,721.35K,
12/14/2021,69.59,72.34,69,69.46,711.83K,
12/13/2021,71.99,72.47,69.59,69.81,601.87K,
12/10/2021,74.06,75.55,72.08,73.14,521.82K,
12/09/2021,73,73.98,72.54,73.43,577.19K,
12/08/2021,74.47,75.56,73.46,74.14,2.98M,
12/07/2021,73.49,76.5,73.43,74.32,3.34M,
12/06/2021,71.88,74.2,70.97,72.39,586.65K,
12/03/2021,71.74,72.2,70.14,70.69,473.84K,
12/02/2021,69.26,72.08,68.43,71.34,772.05K,
12/01/2021,69.85,71.2,68.13,68.16,877.42K,
11/30/2021,69.04,69.75,66.68,68.16,950.17K,
11/29/2021,73.5,73.8,69.94,70.72,748.17K,
11/26/2021,71.82,73.16,70.49,72.31,626.16K,
11/24/2021,74.73,77.08,74.42,75.94,461.18K,
11/23/2021,74.21,75.99,73.5,75.39,547.03K,
11/22/2021,74.97,75.08,73.11,74.21,509.09K,
11/19/2021,74.25,75.04,73.76,74.37,576.68K,
11/18/2021,77.89,77.89,74.08,75.61,550.27K,
11/17/2021,77.08,77.49,76.1,77.2,834.70K,
11/16/2021,79.39,79.89,76.72,77.95,721.21K,
11/15/2021,80.57,80.89,79.42,79.92,571.09K,
11/12/2021,80.25,80.93,79.33,80.04,683.38K,
11/11/2021,78.23,80.8,77.5,80.08,921.89K,
11/10/2021,75.56,79.98,75.49,78.13,1.08M,
11/09/2021,74.3,75.8,72.97,75.79,1.49M,
11/08/2021,74.01,76.32,73.89,74.97,1.70M,
11/05/2021,71.45,73.65,71.15,73.32,1.13M,
11/04/2021,69.77,70.65,68.52,69.53,861.52K,
11/03/2021,68.49,70.7,68.03,69.59,724.72K,
11/02/2021,72.43,72.65,68.76,69.12,665.11K,
11/01/2021,69.01,73.3,68.77,72.5,1.09M,
10/29/2021,68.82,69.11,67.81,68,2.04M,
10/28/2021,71.39,72.86,68.83,68.91,2.31M,
10/27/2021,74.59,74.8,70.44,70.59,1.21M,
10/26/2021,78.77,78.77,74.88,75.18,794.18K,
10/25/2021,78.37,79.92,78,78.11,1.44M,
10/22/2021,76.75,78.26,76.48,77.69,1.02M,
10/21/2021,81.2,81.6,75.15,76.85,940.51K,
10/20/2021,80.12,81.38,79.56,81.33,410.05K,
10/19/2021,80.05,80.86,78.72,80.51,449.00K,
10/18/2021,79.26,80.73,78.53,79.84,338.71K,
10/15/2021,79.88,81.28,79.44,79.69,753.82K,
10/14/2021,78.52,79.23,77.42,78.96,333.23K,
10/13/2021,79.25,79.41,76.78,76.97,358.99K,
10/12/2021,78.23,80.1,78.15,79.33,312.30K,
10/11/2021,81.74,82.45,77.72,78.23,355.09K,
10/08/2021,81.94,83.19,81.17,81.23,164.15K,
10/07/2021,82,83.08,81.08,81.27,529.74K,
10/06/2021,80.29,81.86,79.36,80.92,634.80K,
10/05/2021,82.01,83.75,81.27,82.01,609.26K,
10/04/2021,83.21,84.27,81.1,81.43,465.78K,
10/01/2021,80.51,84.12,80.51,83.13,354.42K,
09/30/2021,82.32,82.32,80.11,80.47,991.72K,
09/29/2021,82.35,83.03,80.83,81.97,436.24K,
09/28/2021,83.53,84.42,82,82.11,1.12M,
09/27/2021,82.17,84.61,81.65,83.16,820.69K,
09/24/2021,79.35,83.35,79.35,81.66,781.89K,
09/23/2021,76.24,80.1,76.24,79.56,698.81K,
09/22/2021,74.68,76.89,74.68,75.97,375.03K,
09/21/2021,74.68,74.82,72.61,73.87,501.96K,
09/20/2021,74.27,75.49,72.72,73.95,557.15K,
09/17/2021,78.7,79.44,76.57,76.95,840.22K,
09/16/2021,77.96,80.97,77.58,78.97,893.58K,
09/15/2021,74.21,77.9,74.03,77.36,1.33M,
09/14/2021,76.64,77.48,74.03,74.46,544.00K,
09/13/2021,75.5,77.92,74.98,76.53,691.48K,
09/10/2021,76.06,77.47,74.13,74.21,480.63K,
09/09/2021,73.9,76.09,73.78,75.4,1.34M,
09/08/2021,75.38,75.88,73.44,73.66,442.70K,
09/07/2021,75.78,77.58,75.25,75.47,602.56K,
09/03/2021,75.66,76.08,74.66,75.54,453.73K,
09/02/2021,76.22,76.7,74.65,75.46,551.48K,
09/01/2021,78.27,78.34,75.89,75.93,910.68K,
08/31/2021,76.41,79.06,75.97,78.26,1.16M,
08/30/2021,79.4,79.45,75.38,75.48,896.25K,
08/27/2021,75.78,78.58,75.57,78.07,571.71K,
08/26/2021,77.56,77.56,75.12,75.78,444.00K,
08/25/2021,75.63,78.25,74.66,77.53,812.63K,
08/24/2021,72.78,75.52,72.78,74.76,470.25K,
08/23/2021,73.93,74.15,71.87,72.2,595.47K,
08/20/2021,71.7,72.71,70.99,72.63,527.82K,
08/19/2021,71.26,72.28,70.4,71.91,764.11K,
08/18/2021,71.48,74.1,70.69,72.59,825.00K,
08/17/2021,71.78,72.08,69.61,71.63,665.95K,
08/16/2021,72.21,73,71.21,72.43,544.82K,
08/13/2021,74.61,74.97,73.14,73.42,304.51K,
08/12/2021,75,75.62,72.98,74.33,340.73K,
08/11/2021,74.52,75.63,73.07,75.35,370.18K,
08/10/2021,73.32,74.5,72.97,74.29,489.25K,
08/09/2021,74.32,74.5,72.87,73.22,606.56K,
08/06/2021,74.74,75.43,74,75.15,594.02K,
08/05/2021,73.04,75.25,72.59,73.56,502.90K,
08/04/2021,72.95,75.38,72.2,72.47,634.68K,
08/03/2021,74.38,74.73,71.49,74.21,814.84K,
08/02/2021,75.1,78.15,73.92,74.37,1.17M,
07/30/2021,75.86,77.16,74.09,74.38,1.16M,
07/29/2021,78.15,79.88,76.22,77.67,661.25K,
07/28/2021,79.22,80.52,76.25,79.04,911.10K,
07/27/2021,77.9,79.37,77.02,78.55,574.08K,
07/26/2021,78.97,81.07,78.09,79.41,465.64K,
07/23/2021,79.06,79.98,78.19,78.83,423.20K,
07/22/2021,79.2,79.23,76.38,77.95,1.02M,
07/21/2021,79.04,81.22,78.98,79.62,431.29K,
07/20/2021,75.11,78.48,74.66,77.81,639.92K,
07/19/2021,75.44,76.59,74.19,74.77,829.05K,
07/16/2021,81.4,81.5,78.11,78.51,510.06K,
07/15/2021,80.74,82.17,79.12,80.49,710.68K,
07/14/2021,84.43,85.3,81.56,81.82,483.05K,
07/13/2021,84.46,85.15,82.67,82.84,606.39K,
07/12/2021,82.75,86.7,81.85,85.25,764.36K,
07/09/2021,81.74,84.9,81.49,84.37,715.74K,
07/08/2021,80.04,83.34,78.88,79.89,1.08M,
07/07/2021,82.32,83.75,80.99,82.6,815.95K,
07/06/2021,84.28,84.4,81.2,82.31,905.56K,
07/02/2021,85.15,86.12,83.9,84.4,489.65K,
07/01/2021,83.63,86.46,83.57,85.46,599.14K,
06/30/2021,81.66,84.23,80.83,83.11,761.99K,
06/29/2021,83.36,84.34,81.22,81.76,1.09M,
06/28/2021,86.09,86.61,81.82,82.44,726.43K,
06/25/2021,86.48,87.31,85.48,86.82,752.95K,
06/24/2021,85.68,86.43,84.15,86.26,447.15K,
06/23/2021,83.96,85.37,83.53,84.58,604.19K,
06/22/2021,84.25,84.7,80.72,84.02,1.27M,
06/21/2021,83.4,85.34,83.02,84.65,569.44K,
06/18/2021,83.27,83.94,80.85,82.18,1.50M,
06/17/2021,91.98,92.69,83.51,85.37,986.04K,
06/16/2021,90.22,93.04,89.42,92.03,1.11M,
06/15/2021,88.29,91.56,88.08,90.71,1.36M,
06/14/2021,89.58,89.99,86.62,87.65,690.09K,
06/11/2021,89.97,90.26,87.12,89.15,1.07M,
06/10/2021,93,93.35,88.92,89,805.47K,
06/09/2021,92.63,93.39,91.87,92.11,490.80K,
06/08/2021,92.62,93.73,91.06,92.47,736.30K,
06/07/2021,94.8,95.37,92.87,93.74,819.06K,
06/04/2021,96.7,97.62,92.86,94.26,2.30M,
06/03/2021,98.69,99.42,97.55,97.97,620.10K,
06/02/2021,99.99,102.23,98.52,99.48,771.03K,
06/01/2021,98.09,100.48,98.04,99.36,754.99K,
05/28/2021,97.25,97.54,94.37,96.56,516.59K,
05/27/2021,94.74,97.62,94.13,97.21,954.87K,
05/26/2021,92.06,94.39,91.66,93.49,541.38K,
05/25/2021,94.9,96.32,90.92,91.07,846.96K,
05/24/2021,94.11,95.5,92.61,94.36,667.41K,
05/21/2021,93.96,95.94,93.41,93.89,731.76K,
05/20/2021,95.85,97.31,92.15,93.12,779.55K,
05/19/2021,94.37,95.18,91.36,94.84,684.72K,
05/18/2021,97.9,99.18,94.81,95.55,818.02K,
05/17/2021,95.18,97.73,94.87,97.39,403.99K,
05/14/2021,93.28,96.55,91.24,96.2,430.79K,
05/13/2021,90.53,93.84,89.62,92.5,926.22K,
05/12/2021,99.06,99.75,90.77,91.08,629.05K,
05/11/2021,93.85,97.47,92.68,96.28,683.77K,
05/10/2021,99.71,102.09,97.08,97.35,861.49K,
05/07/2021,96.04,100.82,95.23,99.6,628.95K,
05/06/2021,98.91,100.24,94.27,96.26,474.71K,
05/05/2021,96.19,97.9,94.53,97.45,697.15K,
05/04/2021,93,95.72,91.36,95.38,839.92K,
05/03/2021,95.75,97.69,92.39,93.21,864.73K,
04/30/2021,94.12,95.96,93.36,94,1.87M,
04/29/2021,88.54,96.36,88.54,94.63,2.45M,
04/28/2021,84.15,86.21,83.67,86.02,973.00K,
04/27/2021,84.38,85.16,83.15,84.12,394.49K,
04/26/2021,86.22,87.87,84.66,84.95,573.65K,
04/23/2021,84.16,85.98,83.71,85.4,356.19K,
04/22/2021,84.28,85.74,83.19,83.96,563.04K,
04/21/2021,81.38,83.98,81.38,83.79,727.53K,
04/20/2021,85.56,85.93,81.05,81.37,795.76K,
04/19/2021,87.74,88.77,85.76,86.57,887.80K,
04/16/2021,86.83,87.99,85.53,87.57,890.41K,
04/15/2021,85.85,86.36,83.05,85.75,1.18M,
04/14/2021,84.42,88.18,83.75,85.86,1.21M,
04/13/2021,88.44,88.5,83.75,84.33,1.41M,
04/12/2021,88.3,89.28,87.36,89.1,614.60K,
04/09/2021,88.32,89.51,86.32,87.59,691.84K,
04/08/2021,87.74,90.33,86.17,89.07,626.27K,
04/07/2021,90.84,91.52,88.18,89.17,664.14K,
04/06/2021,90.74,92.3,89.83,90.12,678.73K,
04/05/2021,91.99,92.25,89.58,90.51,770.93K,
04/01/2021,90.29,91.23,88.86,90.41,523.43K,
03/31/2021,92.08,92.5,89.3,89.41,640.38K,
03/30/2021,89.48,92.58,89.3,91.89,344.98K,
03/29/2021,94.76,96.74,88.3,89.15,709.07K,
03/26/2021,92.13,94.81,90.08,94.67,1.06M,
03/25/2021,83.47,90.06,83.06,89.23,618.48K,
03/24/2021,85.68,88.43,84.73,84.73,395.27K,
03/23/2021,86.15,88.74,83.39,84.18,748.08K,
03/22/2021,90.79,92.01,87.04,88.16,840.78K,
03/19/2021,90.61,93.54,88.36,91.83,1.38M,
03/18/2021,92.93,95.96,89.79,90.49,984.44K,
03/17/2021,89.45,94.16,89.36,92.97,724.64K,
03/16/2021,92.53,93.33,88.46,89.87,1.14M,
03/15/2021,89.12,92.38,87.13,92.19,1.64M,
03/12/2021,87.74,89.08,86.94,88.09,809.19K,
03/11/2021,86.43,88.22,85.62,86.98,1.27M,
03/10/2021,86.12,87.73,84.25,86.84,1.11M,
03/09/2021,83.21,87.55,82.12,85.64,1.28M,
03/08/2021,83.75,85.34,82.76,83.99,1.12M,
03/05/2021,78.86,83.72,75.39,82.76,1.14M,
03/04/2021,80.16,81.99,75,77.6,1.13M,
03/03/2021,77.87,81.66,77.62,80.64,994.36K,
03/02/2021,79.19,80.45,77.26,77.36,683.45K,
03/01/2021,78.76,80.31,77.25,79.45,1.40M,
02/26/2021,72.92,77.76,71.88,76.97,1.72M,
02/25/2021,75.46,76.53,72.28,73.23,733.06K,
02/24/2021,72.95,76.59,72.45,75.74,769.84K,
02/23/2021,69.78,72.91,67.83,72.73,1.22M,
02/22/2021,68.96,72.41,68.6,69.48,796.43K,
02/19/2021,67.57,69.29,67.11,68.93,715.98K,
02/18/2021,67.9,68.83,66.2,66.76,572.60K,
02/17/2021,68.4,70.11,68.03,69.07,495.08K,
02/16/2021,67.86,70.19,67.5,69.48,1.21M,
02/12/2021,66.28,67.35,65.43,66.35,452.13K,
02/11/2021,68.08,69.23,65.54,66.64,655.38K,
02/10/2021,67.3,70.02,66.72,68.39,798.16K,
02/09/2021,69.11,69.24,65.71,66.52,793.24K,
02/08/2021,67.64,69.2,66.4,69,723.20K,
02/05/2021,66.4,69.46,66.4,67.69,1.57M,
02/04/2021,60.45,66.51,60.28,66.32,2.40M,
02/03/2021,56.67,60.21,56.22,59.96,1.11M,
02/02/2021,55.22,55.97,54.02,55.62,820.66K,
02/01/2021,54.5,54.93,53.31,53.98,1.00M,
01/29/2021,56.62,57.37,53.45,53.96,1.22M,
01/28/2021,57.78,59.01,53.7,56.47,1.42M,
01/27/2021,53.37,54.95,52.07,53.91,2.50M,
01/26/2021,56.43,56.9,54.62,54.72,703.51K,
01/25/2021,55.41,56.14,54,55.25,566.06K,
01/22/2021,55.84,56.61,55.06,56.49,995.53K,
01/21/2021,57.65,58.62,56.07,56.84,970.01K,
01/20/2021,58.23,59.15,57.99,58.08,697.53K,
01/19/2021,57.69,58.55,57.17,58.03,2.09M,
01/15/2021,58.23,59.03,55.84,56.65,1.37M,
01/14/2021,59.75,60.51,58.76,59.65,1.33M,
01/13/2021,59.03,59.82,58.48,58.82,931.71K,
01/12/2021,58.23,59.17,57.51,58.82,454.62K,
01/11/2021,58.08,59.74,57.63,58.16,781.50K,
01/08/2021,62.62,63.01,58.59,59.42,875.17K,
01/07/2021,61,62.66,58.41,62.47,2.03M,
01/06/2021,58.87,64.16,58.81,62.93,1.41M,
01/05/2021,56.59,58.5,56.59,57.67,651.28K,
01/04/2021,59.42,60,56.24,56.58,606.75K,
12/31/2020,58.69,59.98,57.68,59.11,719.77K,
12/30/2020,56.67,58.81,56.67,58.77,611.83K,
12/29/2020,58.2,58.3,56.56,56.63,548.18K,
12/28/2020,57.48,58.6,57.24,57.81,643.54K,
12/24/2020,57.26,57.73,55.95,57.44,345.83K,
12/23/2020,54.94,58.33,54.42,56.88,894.49K,
12/22/2020,55.02,55.33,53.8,54,753.14K,
12/21/2020,55.4,56.03,54.04,54.46,1.93M,
12/18/2020,56.31,57.04,55.53,56.99,1.55M,
12/17/2020,57.11,57.38,55.76,56.43,576.59K,
12/16/2020,57.8,58.2,56.41,57.02,667.21K,
12/15/2020,57.43,57.67,55.44,57.46,1.00M,
12/14/2020,59.5,60.41,57.14,57.49,1.52M,
12/11/2020,58.87,58.87,56.98,57.97,892.82K,
12/10/2020,58.3,60.38,57.88,59.71,1.13M,
12/09/2020,61.28,61.97,58.97,59.78,1.69M,
12/08/2020,63.81,64.83,60.31,60.58,1.57M,
12/07/2020,66,66.55,64.05,64.66,1.45M,
12/04/2020,66.76,68.24,65.72,66.69,1.11M,
12/03/2020,62.93,66.42,62.48,65.77,1.02M,
12/02/2020,59.97,63.33,59.21,63.13,979.02K,
12/01/2020,59.77,62.69,59.43,60.8,1.02M,
11/30/2020,59.5,60.07,58.09,58.34,1.15M,
11/27/2020,59.82,59.97,58.76,59.48,319.08K,
11/25/2020,58.99,60.13,57.92,59.48,757.62K,
11/24/2020,58.51,60.07,57.83,59.87,1.13M,
11/23/2020,54.46,57.17,53.69,56.64,746.68K,
11/20/2020,54.12,54.36,52.58,52.96,627.08K,
11/19/2020,53.2,54.46,52.77,54.22,1.22M,
11/18/2020,54.69,56.21,53.34,53.39,1.05M,
11/17/2020,54.85,55.49,52.92,54.84,1.08M,
11/16/2020,54.75,57.03,54.73,55.72,1.17M,
11/13/2020,50.36,52.91,49.96,52.69,781.38K,
11/12/2020,50.22,50.71,48.16,49.42,1.14M,
11/11/2020,55.69,56.22,51.29,51.35,1.19M,
11/10/2020,55.86,56.41,53.31,55.2,1.08M,
11/09/2020,51.76,56.14,51.76,55.31,1.96M,
11/06/2020,47.15,47.74,46.29,46.8,1.28M,
11/05/2020,45.67,47.34,45.67,46.76,968.70K,
11/04/2020,45.41,46.42,43.34,45.19,932.50K,
11/03/2020,44.69,46.25,44.07,45.76,1.20M,
11/02/2020,41.73,44.34,41.37,44.07,1.83M,
10/30/2020,40.99,42.12,39.75,41.11,1.63M,
10/29/2020,36.36,41.73,35.35,41.51,2.98M,
10/28/2020,34.66,35.83,34.14,34.91,1.44M,
10/27/2020,37,37.05,35.81,35.93,877.33K,
10/26/2020,38.01,38.13,36.3,37.25,1.13M,
10/23/2020,39.69,40.43,38.38,38.77,976.09K,
10/22/2020,39.16,39.63,38.51,39.55,1.03M,
10/21/2020,41.25,41.61,38.69,38.77,1.19M,
10/20/2020,43.61,43.85,41.23,41.29,1.26M,
10/19/2020,43.76,44.95,42.79,43.26,1.20M,
10/16/2020,42.34,44.41,42.16,43.87,1.35M,
10/15/2020,40.78,42.05,40.46,42,868.15K,
10/14/2020,39.49,42.06,39.36,41.65,1.64M,
10/13/2020,39.61,40.46,39.17,39.93,1.22M,
10/12/2020,39.08,39.12,38.14,38.69,563.94K,
10/09/2020,39.08,39.45,38.3,38.78,762.56K,
10/08/2020,37.87,38.71,37.39,38.61,703.29K,
10/07/2020,37.33,37.94,36.84,37.31,537.11K,
10/06/2020,37.89,39.04,36.51,36.69,1.10M,
10/05/2020,36.67,37.81,36.6,37.43,1.06M,
10/02/2020,33.79,36.62,33.59,36.15,1.15M,
10/01/2020,33.88,34.66,33.68,34.65,1.41M,
09/30/2020,34.23,34.7,33.18,33.49,1.13M,
09/29/2020,34.37,34.37,33.24,34.16,705.48K,
09/28/2020,34.79,34.95,34.01,34.51,781.53K,
09/25/2020,33.33,34.26,33.19,33.5,1.10M,
09/24/2020,33.26,34.4,31.72,33.76,1.52M,
09/23/2020,34.96,35.85,33.42,33.48,1.03M,
09/22/2020,36.67,37.25,34.47,34.81,1.04M,
09/21/2020,35.62,36.07,34.86,35.97,1.27M,
09/18/2020,37.87,38.45,36.97,36.99,1.62M,
09/17/2020,36.3,38.02,36.3,37.89,773.95K,
09/16/2020,35.51,38.02,35.34,37.53,1.27M,
09/15/2020,37.09,37.4,35.3,35.38,904.58K,
09/14/2020,36.44,37.21,36.17,36.96,717.52K,
09/11/2020,35.68,36.28,35.02,36.09,840.77K,
09/10/2020,36.83,38.03,35.97,36.08,708.67K,
09/09/2020,37.36,37.36,35.34,36.41,1.19M,
09/08/2020,37.47,38.49,36.8,37.23,989.29K,
09/04/2020,37.27,38.61,36.26,38.37,1.32M,
09/03/2020,36.84,38.22,35.85,36.14,1.02M,
09/02/2020,36.04,36.84,35.75,36.75,1.05M,
09/01/2020,36.29,36.8,35.59,36.05,664.66K,
08/31/2020,37.45,37.45,35.78,35.98,937.62K,
08/28/2020,37.49,37.65,36.4,37.45,1.07M,
08/27/2020,35.71,37.55,35.71,37.1,882.04K,
08/26/2020,36.89,37.16,35.46,35.83,625.63K,
08/25/2020,36.69,37.47,35.84,36.67,745.20K,
08/24/2020,34.81,36.74,34.38,36.36,815.68K,
08/21/2020,34.25,35.21,34.13,34.45,662.86K,
08/20/2020,35.93,36.09,34.58,34.71,1.05M,
08/19/2020,35.91,37.43,35.91,36.39,924.78K,
08/18/2020,37.43,37.43,35.75,36.12,1.44M,
08/17/2020,37.99,38.38,37.44,37.5,677.64K,
08/14/2020,37.11,38.85,37.09,38.16,537.84K,
08/13/2020,37.45,38.58,37.06,37.58,535.67K,
08/12/2020,39.69,39.89,37.54,38.16,752.80K,
08/11/2020,39.17,40.56,38.93,39.01,1.19M,
08/10/2020,37.23,38.61,37.13,37.72,960.37K,
08/07/2020,35.77,36.84,35.25,36.81,604.91K,
08/06/2020,35.93,36.92,35.36,36.13,645.21K,
08/05/2020,35.78,36.21,34.82,36.16,902.02K,
08/04/2020,35.81,36.29,34.65,34.73,971.12K,
08/03/2020,35.54,36.37,34.63,35.85,801.71K,
07/31/2020,35.36,35.43,33.97,35.38,1.04M,
07/30/2020,35.22,35.61,34.27,35.5,798.14K,
07/29/2020,34.11,36.36,34.09,36.24,826.42K,
07/28/2020,34.61,35.57,34.24,34.31,699.67K,
07/27/2020,35.1,35.29,33.99,34.98,799.78K,
07/24/2020,37.09,37.09,35.06,35.42,1.38M,
07/23/2020,35.03,37,34.52,35.7,1.92M,
07/22/2020,33.44,34.06,32.78,33.96,1.32M,
07/21/2020,32.61,34.18,32.59,33.72,2.07M,
07/20/2020,33.21,33.25,31.64,32,1.32M,
07/17/2020,35.18,35.39,33.43,33.91,851.02K,
07/16/2020,33.97,36.21,33.66,35.28,1.20M,
07/15/2020,33.89,35.15,33.24,34.92,1.63M,
07/14/2020,32.3,32.95,31.63,32.33,856.45K,
07/13/2020,33.71,34.41,32.47,32.68,1.21M,
07/10/2020,31.38,33.39,31.02,33.12,1.74M,
07/09/2020,33.97,34.12,31.18,31.83,1.63M,
07/08/2020,33.62,34.04,32.78,33.89,1.08M,
07/07/2020,34.54,34.88,33.31,33.5,1.09M,
07/06/2020,36.1,36.86,34.55,34.95,1.55M,
07/02/2020,36.05,36.89,34.68,34.86,1.09M,
07/01/2020,36.19,37.8,34.64,34.89,1.37M,
06/30/2020,36.22,37.07,35.42,35.99,1.46M,
06/29/2020,34.66,36.48,34.22,36.46,1.29M,
06/26/2020,36.33,36.58,33.84,34.2,1.81M,
06/25/2020,35.49,37.41,35.32,36.79,1.54M,
06/24/2020,37.84,38.52,35.61,36.25,2.08M,
06/23/2020,38.14,38.89,37.58,38.79,1.78M,
06/22/2020,37.63,38.45,36.77,37.81,2.47M,
06/19/2020,40.24,40.31,37.35,37.81,9.73M,
06/18/2020,39.52,40.29,38.14,38.91,1.74M,
06/17/2020,42.19,42.57,40.12,40.35,1.46M,
06/16/2020,43.47,44.92,41.05,42.34,2.02M,
06/15/2020,39.08,41.08,38.34,40.57,2.24M,
06/12/2020,41.09,42.04,38.85,41.55,2.32M,
06/11/2020,41.13,42.45,37.53,37.94,2.96M,
06/10/2020,49.45,49.55,44.39,45.11,2.11M,
06/09/2020,49.53,52.19,49,50.66,2.02M,
06/08/2020,51.29,52.87,49.94,52.72,2.24M,
06/05/2020,47.68,49.9,46.81,48.13,2.60M,
06/04/2020,43.81,44.73,41.93,43.5,2.10M,
06/03/2020,41.18,44.26,41.18,44.01,1.86M,
06/02/2020,40.69,41.21,39.22,39.68,1.63M,
06/01/2020,37.15,40.8,36.91,39.8,2.06M,
05/29/2020,38.01,39.2,36.69,36.96,4.26M,
05/28/2020,41.49,41.56,38.84,39.08,1.50M,
05/27/2020,42.24,43.39,40.01,41.47,2.13M,
05/26/2020,36.37,40.11,35.86,39.42,2.64M,
05/22/2020,34.59,34.91,33.35,33.54,1.14M,
05/21/2020,35.1,35.82,33.73,34.35,1.16M,
05/20/2020,35.1,36.91,34.86,35.16,1.49M,
05/19/2020,35.22,36.09,33.63,34.02,1.32M,
05/18/2020,32.68,36.02,32.45,35.76,2.01M,
05/15/2020,30.76,31.3,29.76,30.45,1.48M,
05/14/2020,28.71,32.03,28.02,31.41,2.27M,
05/13/2020,31.97,31.97,28.83,29.56,2.24M,
05/12/2020,34.62,36.27,32.19,32.28,1.72M,
05/11/2020,36.65,36.96,34.15,34.31,2.22M,
05/08/2020,37.51,37.89,36.34,37.63,1.23M,
05/07/2020,35.69,37.71,35.51,36.29,1.06M,
05/06/2020,36.76,37.3,34.39,34.87,1.46M,
05/05/2020,38.48,40.62,36,36.17,1.94M,
05/04/2020,35.1,37.11,34.35,36.96,1.55M,
05/01/2020,38.1,38.21,35.9,37,1.96M,
04/30/2020,42.8,42.82,39.89,39.94,1.75M,
04/29/2020,41.24,44.16,40.9,43.82,2.74M,
04/28/2020,35.48,38.55,34.79,37.97,2.10M,
04/27/2020,32.86,34.09,32.31,33.01,2.00M,
04/24/2020,32.54,33.85,30.91,32.23,3.94M,
04/23/2020,29.27,32.9,28.39,32.22,2.94M,
04/22/2020,29.95,30.29,28.49,29.26,1.32M,
04/21/2020,27.92,29.75,27.92,28.69,1.65M,
04/20/2020,28.72,30.82,28.18,29.11,1.20M,
04/17/2020,27.71,30.26,27.69,30.2,2.00M,
04/16/2020,27.48,27.48,25.94,26.32,1.56M,
04/15/2020,27.33,27.73,26.07,27.53,1.44M,
04/14/2020,29.69,30.02,27.13,29.04,1.91M,
04/13/2020,29.41,29.91,26.95,28.57,2.23M,
04/09/2020,35.72,36.93,29.61,30.77,2.27M,
04/08/2020,28.72,33.32,28.64,32.47,1.83M,
04/07/2020,27.34,31.41,27.34,28.37,2.41M,
04/06/2020,23.12,26.15,22.92,24.85,3.19M,
04/03/2020,22.66,22.88,20.45,21.13,1.42M,
04/02/2020,24.74,25.2,21.19,22.57,2.27M,
04/01/2020,25.32,25.64,24.03,24.76,1.53M,
03/31/2020,26.96,28.33,25.6,26.84,1.29M,
03/30/2020,29.18,29.18,26.16,27.36,1.39M,
03/27/2020,28.53,30.33,27.96,29.09,2.09M,
03/26/2020,31.91,34.13,29.04,29.95,1.70M,
03/25/2020,34.66,37.04,30.55,30.72,2.16M,
03/24/2020,27.05,33.83,26.17,33.51,2.56M,
03/23/2020,21.16,25.66,21.15,24.74,2.10M,
03/20/2020,21.74,24.8,21.38,21.98,3.86M,
03/19/2020,17.78,21.7,16.36,20.24,3.44M,
03/18/2020,22.99,22.99,16.75,18.03,2.70M,
03/17/2020,29.47,29.55,22.4,24.62,3.85M,
03/16/2020,28.72,34.36,28.69,28.8,2.39M,
03/13/2020,40.39,40.71,35.41,39.49,2.56M,
03/12/2020,42.06,42.28,36.89,37.35,1.98M,
03/11/2020,49.15,50.12,45.39,45.69,2.06M,
03/10/2020,53.15,53.42,47.6,50.7,1.80M,
03/09/2020,53.2,54.8,49.94,50.27,1.14M,
03/06/2020,56.84,59.51,55.49,57.92,1.17M,
03/05/2020,78.74,78.81,73.69,74.21,1.06M,
03/04/2020,80.48,81.03,77.41,80.69,1.46M,
03/03/2020,85.63,86.12,79.45,79.68,1.03M,
03/02/2020,86.73,86.73,82.1,86.07,1.70M,
02/28/2020,85.13,87.04,84.32,85.88,1.87M,
02/27/2020,88.42,90.79,86.25,87.7,1.18M,
02/26/2020,94.39,95.31,90.86,90.94,969.60K,
02/25/2020,98.96,99.1,93.51,93.75,1.13M,
02/24/2020,99,99.36,97.57,98.72,771.74K,
02/21/2020,101.98,102.71,100.99,102.16,503.66K,
02/20/2020,101.55,103.8,100.8,103.06,590.70K,
02/19/2020,100.91,101.59,99,101.36,717.94K,
02/18/2020,100.68,102.31,99.38,100.5,854.91K,
02/14/2020,103.4,104.78,102.73,102.83,1.28M,
02/13/2020,103.56,103.99,102.58,103.49,559.77K,
02/12/2020,104.6,107,104.05,104.63,477.86K,
02/11/2020,104.31,104.82,103.05,103.69,342.16K,
02/10/2020,105.67,105.92,103.16,103.44,591.72K,
02/07/2020,105.65,106.18,104.6,105.92,572.89K,
02/06/2020,107.29,107.71,105.64,106.5,763.93K,
02/05/2020,103.49,108.5,103.49,106.85,1.09M,
02/04/2020,102.06,103.58,102.02,102.4,816.72K,
02/03/2020,103.44,103.95,100.15,100.59,1.25M,
01/31/2020,106.59,106.59,102.5,102.79,1.73M,
01/30/2020,106,107.73,102.41,107.18,2.13M,
01/29/2020,108.17,110.28,107.66,109.69,1.33M,
01/28/2020,106.18,108.14,106.03,107.33,826.21K,
01/27/2020,105.45,106.12,104.07,105.65,1.05M,
01/24/2020,112.2,112.2,107.26,107.4,1.58M,
01/23/2020,111.19,111.95,108.23,111.8,568.06K,
01/22/2020,112.45,113.11,111.59,111.62,479.18K,
01/21/2020,112.79,113.28,111.68,111.85,512.08K,
01/17/2020,114.25,114.48,112.68,112.91,576.47K,
01/16/2020,114.44,115.62,113.04,114.03,446.55K,
01/15/2020,111.57,114.06,111.28,113.18,812.39K,